la_code,year,turnover_rate,vacancy_rate,agency_rate,caseload,absence_rate,inpost_fte,leavers_fte,la_name,rereferral_rate,repeat_cpp_rate,three_plus_placements_rate,imd_score,children_0_17,region,fte_per_10k_children,agency_rate_lag1,turnover_rate_lag1,caseload_lag1,vacancy_rate_lag1,absence_rate_lag1
E06000001,2017,21.4,6.8,8.4,16.2,3.7,108.8,23.3,Hartlepool,10.0,15.0,,35.037,21090,North East,51.588430535798956,,,,,
E06000001,2018,17.6,3.5,6.8,18.5,2.3,109.7,19.3,Hartlepool,15.6,25.8,,35.037,21090,North East,52.015173067804646,8.4,21.4,16.2,6.8,3.7
E06000001,2019,14.7,1.7,1.7,19.3,2.6,113.4,16.6,Hartlepool,16.5,26.1,,35.037,21090,North East,53.76955903271693,6.8,17.6,18.5,3.5,2.3
E06000001,2020,8.2,3.2,3.2,17.7,2.9,121.9,10.0,Hartlepool,18.0,18.9,,35.037,21090,North East,57.79990516832623,1.7,14.7,19.3,1.7,2.6
E06000001,2021,12.1,1.2,0.8,16.5,3.2,127.7,15.5,Hartlepool,23.1,15.7,6.0,35.037,21090,North East,60.55002370791845,3.2,8.2,17.7,3.2,2.9
E06000001,2022,11.2,3.6,0.7,16.7,1.5,133.1,14.8,Hartlepool,21.4,16.4,5.0,35.037,21090,North East,63.11047889995258,0.8,12.1,16.5,1.2,3.2
E06000001,2023,10.2,0.7,3.5,15.7,4.2,136.9,14.0,Hartlepool,27.7,21.0,7.0,35.037,21090,North East,64.9122807017544,0.7,11.2,16.7,3.6,1.5
E06000001,2024,12.5,2.0,2.0,16.1,2.8,144.7,18.1,Hartlepool,24.9,20.9,11.0,35.037,21090,North East,68.61071597913703,3.5,10.2,15.7,0.7,4.2
E06000001,2025,11.5,1.3,3.2,13.9,3.0,151.4,17.4,Hartlepool,26.5,32.4,9.0,35.037,21090,North East,71.78757705073494,2.0,12.5,16.1,2.0,2.8
E06000002,2017,9.4,4.1,1.2,17.4,1.6999999999999997,164.7,15.5,Middlesbrough,18.7,11.2,,40.46,35617,North East,46.24196310750484,,,,,
E06000002,2018,10.3,5.7,10.3,13.2,4.3,165.8,17.0,Middlesbrough,19.8,10.1,,40.46,35617,North East,46.55080439116153,1.2,9.4,17.4,4.1,1.6999999999999997
E06000002,2019,20.8,4.0,3.2000000000000006,16.8,3.2000000000000006,170.1,35.4,Middlesbrough,23.2,25.2,,40.46,35617,North East,47.75809304545582,10.3,10.3,13.2,5.7,4.3
E06000002,2020,12.7,16.0,23.1,23.5,5.4,173.5,22.0,Middlesbrough,24.3,18.6,,40.46,35617,North East,48.712693376758295,3.2000000000000006,20.8,16.8,4.0,3.2000000000000006
E06000002,2021,15.0,22.7,28.7,17.8,4.6,173.5,26.1,Middlesbrough,20.4,17.4,12.0,40.46,35617,North East,48.712693376758295,23.1,12.7,23.5,16.0,5.4
E06000002,2022,23.2,28.7,34.6,17.0,2.6,158.9,36.8,Middlesbrough,26.1,20.4,13.0,40.46,35617,North East,44.613527248224166,28.7,15.0,17.8,22.7,4.6
E06000002,2023,32.9,29.8,31.4,17.7,5.5,142.1,46.8,Middlesbrough,26.0,30.1,11.0,40.46,35617,North East,39.89667855237667,34.6,23.2,17.0,28.7,2.6
E06000002,2024,23.4,33.6,32.2,16.3,5.3,134.6,31.5,Middlesbrough,25.3,27.8,12.0,40.46,35617,North East,37.790942527444756,31.4,32.9,17.7,29.8,5.5
E06000002,2025,8.6,14.8,25.600000000000005,15.6,4.8,170.1,14.6,Middlesbrough,25.3,26.2,12.0,40.46,35617,North East,47.75809304545582,32.2,23.4,16.3,33.6,5.3
E06000003,2017,19.3,7.1,7.1,18.5,2.9000000000000004,91.1,17.6,Redcar and Cleveland,15.0,9.4,,29.792,27499,North East,33.128477399178145,,,,,
E06000003,2018,19.7,15.0,5.4,19.7,2.1,88.3,17.4,Redcar and Cleveland,12.8,16.5,,29.792,27499,North East,32.110258554856536,7.1,19.3,18.5,7.1,2.9000000000000004
E06000003,2019,16.1,10.7,7.1,24.2,2.5,91.6,14.7,Redcar and Cleveland,9.9,16.5,,29.792,27499,North East,33.31030219280701,5.4,19.7,19.7,15.0,2.1
E06000003,2020,15.8,2.2,12.7,21.4,1.7,103.1,16.3,Redcar and Cleveland,12.6,18.4,,29.792,27499,North East,37.492272446270775,7.1,16.1,24.2,10.7,2.5
E06000003,2021,6.5,14.400000000000002,13.9,22.0,1.3,105.1,6.8,Redcar and Cleveland,21.0,17.4,9.0,29.792,27499,North East,38.21957162078621,12.7,15.8,21.4,2.2,1.7
E06000003,2022,13.8,18.9,24.7,18.9,0.1,100.9,13.9,Redcar and Cleveland,18.5,18.1,9.0,29.792,27499,North East,36.6922433543038,13.9,6.5,22.0,14.400000000000002,1.3
E06000003,2023,16.5,17.5,17.1,16.0,2.6,111.4,18.4,Redcar and Cleveland,18.7,22.5,10.0,29.792,27499,North East,40.51056402050983,24.7,13.8,18.9,18.9,0.1
E06000003,2024,16.4,19.3,13.3,17.9,1.9,123.6,20.2,Redcar and Cleveland,14.9,26.7,16.0,29.792,27499,North East,44.947088985054,17.1,16.5,16.0,17.5,2.6
E06000003,2025,18.9,19.6,14.5,17.5,1.8,124.3,23.4,Redcar and Cleveland,14.6,25.5,9.0,29.792,27499,North East,45.201643696134404,13.3,16.4,17.9,19.3,1.9
E06000004,2017,12.7,16.8,10.2,19.9,3.2,126.7,16.1,Stockton-on-Tees,19.7,19.9,,25.79,45079,North East,28.10621353623639,,,,,
E06000004,2018,8.3,9.1,8.5,15.499999999999998,4.1,150.6,12.5,Stockton-on-Tees,20.2,28.2,,25.79,45079,North East,33.40801703675769,10.2,12.7,19.9,16.8,3.2
E06000004,2019,8.1,5.3,8.0,17.5,5.1,162.0,13.1,Stockton-on-Tees,24.4,30.9,,25.79,45079,North East,35.93691075667162,8.5,8.3,15.499999999999998,9.1,4.1
E06000004,2020,12.8,9.2,16.2,18.6,5.2,157.1,20.2,Stockton-on-Tees,24.1,26.7,,25.79,45079,North East,34.84993012267353,8.0,8.1,17.5,5.3,5.1
E06000004,2021,18.7,12.7,18.1,19.2,5.1,151.2,28.3,Stockton-on-Tees,23.4,26.8,9.0,25.79,45079,North East,33.541116706226845,16.2,12.8,18.6,9.2,5.2
E06000004,2022,14.0,12.5,12.0,17.9,4.1,157.7,22.1,Stockton-on-Tees,27.6,23.5,10.0,25.79,45079,North East,34.98302979214268,18.1,18.7,19.2,12.7,5.1
E06000004,2023,7.8,3.7000000000000006,9.6,17.9,3.0,179.9,14.0,Stockton-on-Tees,29.4,18.4,12.0,25.79,45079,North East,39.90771756250139,12.0,14.0,17.9,12.5,4.1
E06000004,2024,13.9,9.8,12.4,17.9,5.0,173.9,24.3,Stockton-on-Tees,30.3,24.6,10.0,25.79,45079,North East,38.57672086780985,9.6,7.8,17.9,3.7000000000000006,3.0
E06000004,2025,13.900000000000002,7.5,8.0,17.2,3.3,196.7,27.3,Stockton-on-Tees,28.8,20.0,11.0,25.79,45079,North East,43.6345083076377,12.4,13.9,17.9,9.8,5.0
E06000005,2017,26.0,16.5,26.6,12.5,2.4,73.8,19.2,Darlington,38.0,8.7,,25.657,22771,North East,32.40964384524175,,,,,
E06000005,2018,19.1,4.5,16.4,16.4,2.5,78.1,14.9,Darlington,25.7,20.9,,25.657,22771,North East,34.298010627552586,26.6,26.0,12.5,16.5,2.4
E06000005,2019,17.2,7.299999999999999,20.8,15.400000000000002,4.3,81.5,14.0,Darlington,17.6,12.2,,25.657,22771,North East,35.79113785077511,16.4,19.1,16.4,4.5,2.5
E06000005,2020,10.7,11.9,21.2,14.9,2.2,85.7,9.2,Darlington,17.1,14.7,,25.657,22771,North East,37.63558912652057,20.8,17.2,15.400000000000002,7.299999999999999,4.3
E06000005,2021,16.0,8.4,10.6,15.7,2.0,91.3,14.6,Darlington,19.1,21.4,8.0,25.657,22771,North East,40.0948574941812,21.2,10.7,14.9,11.9,2.2
E06000005,2022,18.8,6.0,12.4,19.1,3.1,88.2,16.5,Darlington,10.9,18.2,10.0,25.657,22771,North East,38.73347679065478,10.6,16.0,15.7,8.4,2.0
E06000005,2023,15.900000000000002,3.7000000000000006,13.3,16.3,4.0,93.9,14.9,Darlington,17.9,19.1,14.0,25.657,22771,North East,41.23666066488077,12.4,18.8,19.1,6.0,3.1
E06000005,2024,11.5,1.1,11.8,13.3,3.2,92.5,10.6,Darlington,23.1,17.9,12.0,25.657,22771,North East,40.62184357296561,13.3,15.900000000000002,16.3,3.7000000000000006,4.0
E06000005,2025,15.4,4.0,12.300000000000002,16.0,6.1,95.6,14.7,Darlington,13.0,20.2,13.0,25.657,22771,North East,41.983224276492024,11.8,11.5,13.3,1.1,3.2
E06000006,2017,15.7,2.8,4.9,21.0,5.8999999999999995,87.9,13.8,Halton,7.0,13.8,,32.325,27739,North West,31.688236778542848,,,,,
E06000006,2018,16.3,6.5,12.3,21.1,7.7,85.9,14.0,Halton,7.8,23.1,,32.325,27739,North West,30.967230253433797,4.9,15.7,21.0,2.8,5.8999999999999995
E06000006,2019,25.6,13.7,11.9,21.2,3.7000000000000006,81.8,20.9,Halton,13.3,10.4,,32.325,27739,North West,29.489166876960237,12.3,16.3,21.1,6.5,7.7
E06000006,2020,33.4,20.5,28.7,18.5,1.8,71.9,24.0,Halton,15.0,23.8,,32.325,27739,North West,25.920184577670433,11.9,25.6,21.2,13.7,3.7000000000000006
E06000006,2021,14.9,17.6,27.2,18.7,3.1,74.8,11.2,Halton,15.4,21.7,6.0,32.325,27739,North West,26.965644039078555,28.7,33.4,18.5,20.5,1.8
E06000006,2022,32.0,39.8,50.9,18.0,2.6,63.4,20.3,Halton,17.3,28.0,8.0,32.325,27739,North West,22.85590684595695,27.2,14.9,18.7,17.6,3.1
E06000006,2023,19.3,52.099999999999994,48.1,18.4,1.8,56.9,11.0,Halton,21.0,21.0,11.0,32.325,27739,North West,20.51263563935254,50.9,32.0,18.0,39.8,2.6
E06000006,2024,11.3,43.0,44.3,19.1,1.8,69.0,7.8,Halton,24.2,23.1,12.0,32.325,27739,North West,24.8747251162623,48.1,19.3,18.4,52.099999999999994,1.8
E06000006,2025,15.8,31.2,29.0,16.9,4.0,95.0,15.0,Halton,19.0,21.9,11.0,32.325,27739,North West,34.247809942679986,44.3,11.3,19.1,43.0,1.8
E06000007,2017,6.9,19.1,13.5,22.1,2.3,121.8,8.4,Warrington,14.2,19.2,,18.942,44799,North West,27.188106877385657,,,,,
E06000007,2018,9.5,8.4,9.7,17.6,6.4,120.7,11.5,Warrington,17.3,22.1,,18.942,44799,North West,26.94256568226969,13.5,6.9,22.1,19.1,2.3
E06000007,2019,23.6,12.6,15.1,19.1,5.0,117.8,27.8,Warrington,13.3,26.3,,18.942,44799,North West,26.2952298042367,9.7,9.5,17.6,8.4,6.4
E06000007,2020,14.5,5.0,2.9,17.0,1.2,132.5,19.2,Warrington,19.9,14.2,,18.942,44799,North West,29.57655304805911,15.1,23.6,19.1,12.6,5.0
E06000007,2021,18.5,10.5,9.1,17.4,4.6,128.4,23.8,Warrington,18.9,22.0,7.0,18.942,44799,North West,28.66135404808143,2.9,14.5,17.0,5.0,1.2
E06000007,2022,26.8,13.2,19.0,16.0,3.7,125.1,33.5,Warrington,22.9,26.8,9.0,18.942,44799,North West,27.924730462733542,9.1,18.5,17.4,10.5,4.6
E06000007,2023,18.1,9.9,13.0,15.4,3.7,127.0,23.0,Warrington,18.4,28.1,12.0,18.942,44799,North West,28.3488470724793,19.0,26.8,16.0,13.2,3.7
E06000007,2024,15.6,12.2,9.5,17.3,2.3,129.4,20.2,Warrington,16.4,20.3,14.0,18.942,44799,North West,28.88457331636867,13.0,18.1,15.4,9.9,3.7
E06000007,2025,9.7,13.8,2.3,14.0,4.1,128.9,12.5,Warrington,16.9,19.7,11.0,18.942,44799,North West,28.77296368222505,9.5,15.6,17.3,12.2,2.3
E06000008,2017,22.600000000000005,15.4,8.4,23.8,4.3,115.2,26.0,Blackburn with Darwen,14.9,14.7,,36.013,41804,North West,27.557171562529902,,,,,
E06000008,2018,18.5,8.7,4.5,21.4,4.2,126.3,23.4,Blackburn with Darwen,18.0,16.7,,36.013,41804,North West,30.212419864127835,8.4,22.600000000000005,23.8,15.4,4.3
E06000008,2019,22.2,13.8,2.2,22.2,2.8,130.7,29.0,Blackburn with Darwen,18.1,14.8,,36.013,41804,North West,31.264950722418902,4.5,18.5,21.4,8.7,4.2
E06000008,2020,19.0,12.4,9.3,17.1,2.6,127.0,24.1,Blackburn with Darwen,21.6,26.0,,36.013,41804,North West,30.3798679552196,2.2,22.2,22.2,13.8,2.8
E06000008,2021,16.5,6.4,8.2,17.0,3.8,132.5,21.8,Blackburn with Darwen,17.9,25.5,7.0,36.013,41804,North West,31.695531528083436,9.3,19.0,17.1,12.4,2.6
E06000008,2022,24.000000000000004,16.0,9.0,16.0,2.4,119.4,28.7,Blackburn with Darwen,17.9,28.1,10.0,36.013,41804,North West,28.56186010908047,8.2,16.5,17.0,6.4,3.8
E06000008,2023,18.4,15.5,12.9,16.7,4.0,121.2,22.3,Blackburn with Darwen,16.4,26.1,9.0,36.013,41804,North West,28.992440914745004,9.0,24.000000000000004,16.0,16.0,2.4
E06000008,2024,12.9,5.1,8.8,17.8,4.1,134.9,17.4,Blackburn with Darwen,17.3,23.2,12.0,36.013,41804,North West,32.26963926896948,12.9,18.4,16.7,15.5,4.0
E06000008,2025,14.0,7.6000000000000005,8.1,17.5,3.8000000000000003,135.7,19.0,Blackburn with Darwen,21.5,25.5,9.0,36.013,41804,North West,32.46100851593149,8.8,12.9,17.8,5.1,4.1
E06000009,2017,26.3,12.4,8.8,19.3,2.4,134.8,35.4,Blackpool,24.8,19.5,,45.039,28923,North West,46.60650693219929,,,,,
E06000009,2018,17.7,7.4,6.4,20.8,4.0,138.8,24.5,Blackpool,24.1,22.5,,45.039,28923,North West,47.98948933374824,8.8,26.3,19.3,12.4,2.4
E06000009,2019,19.5,29.0,30.2,20.4,3.8,143.5,28.0,Blackpool,22.1,25.1,,45.039,28923,North West,49.61449365556823,6.4,17.7,20.8,7.4,4.0
E06000009,2020,18.7,14.0,18.7,18.0,4.9,169.7,31.8,Blackpool,29.0,26.3,,45.039,28923,North West,58.673028385713785,30.2,19.5,20.4,29.0,3.8
E06000009,2021,25.7,18.7,15.199999999999998,19.7,3.3,172.7,44.3,Blackpool,31.9,20.5,11.0,45.039,28923,North West,59.710265186875496,18.7,18.7,18.0,14.0,4.9
E06000009,2022,13.000000000000002,13.9,12.4,16.7,4.1,183.9,23.9,Blackpool,28.8,24.7,14.0,45.039,28923,North West,63.58261591121253,15.199999999999998,25.7,19.7,18.7,3.3
E06000009,2023,15.500000000000002,12.799999999999999,7.7,17.0,3.4000000000000004,190.9,29.6,Blackpool,23.3,22.0,11.0,45.039,28923,North West,66.00283511392317,12.4,13.000000000000002,16.7,13.9,4.1
E06000009,2024,14.7,10.2,5.8,15.1,2.4,195.0,28.6,Blackpool,19.3,31.0,13.0,45.039,28923,North West,67.42039207551083,7.7,15.500000000000002,17.0,12.799999999999999,3.4000000000000004
E06000009,2025,11.8,9.1,7.3999999999999995,16.8,4.0,188.7,22.3,Blackpool,23.4,28.6,8.0,45.039,28923,North West,65.24219479307125,5.8,14.7,15.1,10.2,2.4
E06000010,2017,0.0,5.6,6.4,24.5,4.3,233.8,0.0,"Kingston upon Hull, City of",19.2,14.9,,40.564,62379,Yorkshire and The Humber,37.48056236874589,,,,,
E06000010,2018,6.3,3.7,11.4,19.0,6.1,263.1,16.6,"Kingston upon Hull, City of",20.5,16.9,,40.564,62379,Yorkshire and The Humber,42.17765594190353,6.4,0.0,24.5,5.6,4.3
E06000010,2019,8.5,7.4,13.7,17.5,5.7,289.4,24.5,"Kingston upon Hull, City of",27.9,21.1,,40.564,62379,Yorkshire and The Humber,46.39381843248529,11.4,6.3,19.0,3.7,6.1
E06000010,2020,10.9,16.6,15.2,17.9,4.2,298.6,32.6,"Kingston upon Hull, City of",21.3,19.1,,40.564,62379,Yorkshire and The Humber,47.86867375238462,13.7,8.5,17.5,7.4,5.7
E06000010,2021,13.6,10.6,15.899999999999999,17.9,4.8,297.2,40.3,"Kingston upon Hull, City of",21.1,22.4,11.0,40.564,62379,Yorkshire and The Humber,47.64423924718255,15.2,10.9,17.9,16.6,4.2
E06000010,2022,13.9,14.900000000000002,22.4,16.3,5.1,280.7,39.1,"Kingston upon Hull, City of",18.5,22.1,11.0,40.564,62379,Yorkshire and The Humber,44.99911829301527,15.899999999999999,13.6,17.9,10.6,4.8
E06000010,2023,9.6,4.2,16.5,18.0,2.6,299.5,28.8,"Kingston upon Hull, City of",20.9,29.0,13.0,40.564,62379,Yorkshire and The Humber,48.01295307715738,22.4,13.9,16.3,14.900000000000002,5.1
E06000010,2024,8.2,3.5,12.6,16.6,3.8000000000000003,303.9,24.8,"Kingston upon Hull, City of",20.3,28.9,13.0,40.564,62379,Yorkshire and The Humber,48.71831866493532,16.5,9.6,18.0,4.2,2.6
E06000010,2025,6.0,2.4,10.3,17.3,4.4,328.0,19.7,"Kingston upon Hull, City of",21.7,24.9,16.0,40.564,62379,Yorkshire and The Humber,52.58179836162811,12.6,8.2,16.6,3.5,3.8000000000000003
E06000011,2017,9.2,2.0,0.7,18.4,4.8,141.9,13.0,East Riding of Yorkshire,19.9,18.7,,15.605,63023,Yorkshire and The Humber,22.515589546673436,,,,,
E06000011,2018,15.5,2.3,0.7,17.3,4.5,145.5,22.6,East Riding of Yorkshire,18.4,23.1,,15.605,63023,Yorkshire and The Humber,23.086809577455853,0.7,9.2,18.4,2.0,4.8
E06000011,2019,16.3,3.2,3.2,19.5,2.5,149.8,24.4,East Riding of Yorkshire,23.9,11.9,,15.605,63023,Yorkshire and The Humber,23.76910016977929,0.7,15.5,17.3,2.3,4.5
E06000011,2020,10.9,9.3,7.200000000000001,17.1,2.1,155.5,16.9,East Riding of Yorkshire,20.7,15.6,,15.605,63023,Yorkshire and The Humber,24.673531885184776,3.2,16.3,19.5,3.2,2.5
E06000011,2021,17.4,13.999999999999998,8.4,18.9,4.5,150.9,26.2,East Riding of Yorkshire,18.8,15.3,9.0,15.605,63023,Yorkshire and The Humber,23.94363962362947,7.200000000000001,10.9,17.1,9.3,2.1
E06000011,2022,11.9,12.1,11.6,17.2,3.1999999999999997,163.4,19.5,East Riding of Yorkshire,16.3,18.8,15.0,15.605,63023,Yorkshire and The Humber,25.927042508290622,8.4,17.4,18.9,13.999999999999998,4.5
E06000011,2023,14.4,10.5,8.8,16.5,3.7,182.5,26.3,East Riding of Yorkshire,17.8,21.1,11.0,15.605,63023,Yorkshire and The Humber,28.957682116052872,11.6,11.9,17.2,12.1,3.1999999999999997
E06000011,2024,14.9,11.999999999999998,9.9,16.0,3.7,179.7,26.7,East Riding of Yorkshire,17.1,20.1,10.0,15.605,63023,Yorkshire and The Humber,28.51339986988877,8.8,14.4,16.5,10.5,3.7
E06000011,2025,10.2,15.4,11.1,16.5,5.0,192.5,19.6,East Riding of Yorkshire,16.4,22.5,15.0,15.605,63023,Yorkshire and The Humber,30.544404423781796,9.9,14.9,16.0,11.999999999999998,3.7
E06000012,2017,22.100000000000005,13.3,8.2,22.9,4.0,111.2,24.6,North East Lincolnshire,9.0,20.1,,31.335,33522,Yorkshire and The Humber,33.172245092774894,,,,,
E06000012,2018,24.399999999999995,6.3,9.4,26.8,6.3,106.6,26.0,North East Lincolnshire,14.3,19.2,,31.335,33522,Yorkshire and The Humber,31.80001193246226,8.2,22.100000000000005,22.9,13.3,4.0
E06000012,2019,24.200000000000003,21.9,13.4,32.7,10.1,103.1,25.0,North East Lincolnshire,15.7,29.1,,31.335,33522,Yorkshire and The Humber,30.755921484398307,9.4,24.399999999999995,26.8,6.3,6.3
E06000012,2020,25.899999999999995,28.399999999999995,24.5,24.899999999999995,3.0,98.5,25.5,North East Lincolnshire,16.7,22.9,,31.335,33522,Yorkshire and The Humber,29.383688324085675,13.4,24.200000000000003,32.7,21.9,10.1
E06000012,2021,20.6,36.9,36.9,20.0,3.4,92.3,19.0,North East Lincolnshire,31.1,29.5,9.0,31.335,33522,Yorkshire and The Humber,27.53415667322952,24.5,25.899999999999995,24.899999999999995,28.399999999999995,3.0
E06000012,2022,21.6,51.1,46.4,22.7,5.4,79.7,17.2,North East Lincolnshire,27.7,33.7,9.0,31.335,33522,Yorkshire and The Humber,23.775431060199274,36.9,20.6,20.0,36.9,3.4
E06000012,2023,11.199999999999998,28.6,28.6,18.3,3.9,107.4,12.0,North East Lincolnshire,29.9,25.3,12.0,31.335,33522,Yorkshire and The Humber,32.03866117773403,46.4,21.6,22.7,51.1,5.4
E06000012,2024,19.9,36.3,25.1,18.599999999999998,3.2,110.6,22.0,North East Lincolnshire,27.3,27.9,8.0,31.335,33522,Yorkshire and The Humber,32.99325815882107,28.6,11.199999999999998,18.3,28.6,3.9
E06000012,2025,14.9,10.2,8.7,20.9,3.7,146.3,21.8,North East Lincolnshire,21.4,20.8,7.0,31.335,33522,Yorkshire and The Humber,43.64298072907345,25.1,19.9,18.599999999999998,36.3,3.2
E06000013,2017,10.8,3.3,7.8,18.3,2.0,118.1,12.8,North Lincolnshire,19.6,11.5,,22.096,34675,Yorkshire and The Humber,34.0591204037491,,,,,
E06000013,2018,6.6,0.8,0.0,16.8,3.1,121.4,8.0,North Lincolnshire,18.4,8.3,,22.096,34675,Yorkshire and The Humber,35.01081470800288,7.8,10.8,18.3,3.3,2.0
E06000013,2019,11.5,0.0,0.0,21.9,4.8,120.6,13.9,North Lincolnshire,12.3,9.9,,22.096,34675,Yorkshire and The Humber,34.78010093727469,0.0,6.6,16.8,0.8,3.1
E06000013,2020,7.8,10.9,0.0,18.3,3.7,123.2,9.6,North Lincolnshire,19.1,13.6,,22.096,34675,Yorkshire and The Humber,35.52992069214132,0.0,11.5,21.9,0.0,4.8
E06000013,2021,8.7,4.2,3.0000000000000004,16.5,3.2,115.4,10.0,North Lincolnshire,13.2,15.0,8.0,22.096,34675,Yorkshire and The Humber,33.280461427541454,0.0,7.8,18.3,10.9,3.7
E06000013,2022,0.9,18.9,3.2000000000000006,17.8,3.5,107.4,1.0,North Lincolnshire,15.2,10.1,8.0,22.096,34675,Yorkshire and The Humber,30.973323720259554,3.0000000000000004,8.7,16.5,4.2,3.2
E06000013,2023,11.0,8.9,0.4,16.2,1.4,122.2,13.5,North Lincolnshire,15.6,5.5,9.0,22.096,34675,Yorkshire and The Humber,35.24152847873108,3.2000000000000006,0.9,17.8,18.9,3.5
E06000013,2024,24.3,22.7,0.0,16.4,1.6,115.5,28.1,North Lincolnshire,14.5,15.9,10.0,22.096,34675,Yorkshire and The Humber,33.309300648882484,0.4,11.0,16.2,8.9,1.4
E06000013,2025,13.1,5.4,3.9,17.0,2.0,121.9,16.0,North Lincolnshire,14.0,7.0,10.0,22.096,34675,Yorkshire and The Humber,35.15501081470801,0.0,24.3,16.4,22.7,1.6
E06000014,2017,7.7,13.299999999999999,8.0,15.299999999999999,4.7,91.0,7.0,York,13.3,27.6,,11.727,34758,Yorkshire and The Humber,26.18102307382473,,,,,
E06000014,2018,13.8,10.5,9.2,17.7,3.1,83.7,11.6,York,18.5,24.6,,11.727,34758,Yorkshire and The Humber,24.08078715691352,8.0,7.7,15.299999999999999,13.299999999999999,4.7
E06000014,2019,14.999999999999998,12.6,20.9,21.8,3.1,86.9,13.0,York,15.5,34.4,,11.727,34758,Yorkshire and The Humber,25.00143851775131,9.2,13.8,17.7,10.5,3.1
E06000014,2020,13.3,11.6,22.9,17.2,5.1,98.0,13.0,York,19.6,29.9,,11.727,34758,Yorkshire and The Humber,28.194947925657402,20.9,14.999999999999998,21.8,12.6,3.1
E06000014,2021,18.3,16.1,21.9,16.1,5.6,100.9,18.5,York,22.3,26.7,5.0,11.727,34758,Yorkshire and The Humber,29.029288221416653,22.9,13.3,17.2,11.6,5.1
E06000014,2022,19.7,13.599999999999998,19.7,15.8,6.400000000000001,101.7,20.0,York,21.8,30.5,9.0,11.727,34758,Yorkshire and The Humber,29.259451061626102,21.9,18.3,16.1,16.1,5.6
E06000014,2023,20.299999999999997,11.6,5.2,17.7,4.6,110.1,22.4,York,21.2,38.1,10.0,11.727,34758,Yorkshire and The Humber,31.676160883825304,19.7,19.7,15.8,13.599999999999998,6.400000000000001
E06000014,2024,13.9,6.9,0.9,18.4,5.5,108.1,15.0,York,23.0,33.1,10.0,11.727,34758,Yorkshire and The Humber,31.100753783301684,5.2,20.299999999999997,17.7,11.6,4.6
E06000014,2025,10.4,2.4,0.0,15.9,8.1,120.1,12.5,York,23.2,44.1,11.0,11.727,34758,Yorkshire and The Humber,34.5531963864434,0.9,13.9,18.4,6.9,5.5
E06000015,2017,0.0,18.7,17.6,18.2,7.0,135.4,0.0,Derby,21.3,18.6,,26.323,62113,East Midlands,21.798979279699903,,,,,
E06000015,2018,6.8,0.7,4.5,19.7,6.3,148.8,10.2,Derby,19.0,20.5,,26.323,62113,East Midlands,23.956337642683497,17.6,0.0,18.2,18.7,7.0
E06000015,2019,17.5,1.9,4.4,18.1,4.1,152.4,26.7,Derby,16.5,26.6,,26.323,62113,East Midlands,24.53592645661939,4.5,6.8,19.7,0.7,6.3
E06000015,2020,8.8,1.2,6.500000000000001,17.4,5.5,158.4,14.0,Derby,19.5,24.8,,26.323,62113,East Midlands,25.501907813179205,4.4,17.5,18.1,1.9,4.1
E06000015,2021,15.200000000000001,3.2,12.1,18.3,4.1,152.0,23.1,Derby,21.4,31.3,10.0,26.323,62113,East Midlands,24.4715276995154,6.500000000000001,8.8,17.4,1.2,5.5
E06000015,2022,16.7,8.1,6.2,18.9,5.3,150.1,25.1,Derby,23.3,25.8,9.0,26.323,62113,East Midlands,24.16563360327146,12.1,15.200000000000001,18.3,3.2,4.1
E06000015,2023,8.6,3.0,0.0,16.2,3.5,156.7,13.4,Derby,20.9,28.9,14.0,26.323,62113,East Midlands,25.228213095487252,6.2,16.7,18.9,8.1,5.3
E06000015,2024,4.6,1.8,0.4000000000000001,13.9,4.0,223.1,10.2,Derby,22.5,27.1,11.0,26.323,62113,East Midlands,35.91840677474924,0.0,8.6,16.2,3.0,3.5
E06000015,2025,7.900000000000001,2.8,0.0,14.899999999999999,3.7,211.9,16.8,Derby,23.1,25.8,8.0,26.323,62113,East Midlands,34.11524157583759,0.4000000000000001,4.6,13.9,1.8,4.0
E06000016,2017,15.7,19.2,24.6,17.3,2.4,168.5,26.5,Leicester,17.2,16.4,,30.877,90763,East Midlands,18.564833687736193,,,,,
E06000016,2018,18.1,20.5,20.5,16.5,1.7,167.1,30.2,Leicester,16.3,17.1,,30.877,90763,East Midlands,18.410585811398917,24.6,15.7,17.3,19.2,2.4
E06000016,2019,8.6,17.0,17.0,17.1,11.7,160.8,13.8,Leicester,15.7,19.5,,30.877,90763,East Midlands,17.716470367881186,20.5,18.1,16.5,20.5,1.7
E06000016,2020,13.699999999999998,16.9,16.9,16.8,1.7,156.9,21.4,Leicester,11.4,17.9,,30.877,90763,East Midlands,17.28677985522735,17.0,8.6,17.1,17.0,11.7
E06000016,2021,13.1,9.4,20.8,17.1,3.0,163.9,21.4,Leicester,20.2,28.3,7.0,30.877,90763,East Midlands,18.058019236913722,16.9,13.699999999999998,16.8,16.9,1.7
E06000016,2022,15.500000000000002,15.899999999999999,15.899999999999999,16.7,6.6,153.4,23.7,Leicester,15.4,16.8,9.0,30.877,90763,East Midlands,16.901160164384166,20.8,13.1,17.1,9.4,3.0
E06000016,2023,24.6,16.8,16.8,16.6,3.1,139.0,34.2,Leicester,14.2,22.5,5.0,30.877,90763,East Midlands,15.314610579200776,15.899999999999999,15.500000000000002,16.7,15.899999999999999,6.6
E06000016,2024,20.8,20.7,20.7,16.9,5.4,134.4,27.9,Leicester,19.1,19.4,6.0,30.877,90763,East Midlands,14.807796128378303,16.8,24.6,16.6,16.8,3.1
E06000016,2025,13.300000000000002,13.8,13.8,18.1,4.4,156.6,20.8,Leicester,16.8,21.1,5.0,30.877,90763,East Midlands,17.25372673886936,20.7,20.8,16.9,20.7,5.4
E06000017,2017,32.2,14.9,14.9,16.9,2.4,17.1,5.5,Rutland,17.8,36.1,,8.381,8012,East Midlands,21.342985521717427,,,,,
E06000017,2018,29.199999999999996,8.9,8.9,14.900000000000002,1.5,20.6,6.0,Rutland,20.8,,,8.381,8012,East Midlands,25.711432850723916,14.9,32.2,16.9,14.9,2.4
E06000017,2019,13.6,12.0,8.3,14.7,1.7,22.0,3.0,Rutland,18.4,48.6,,8.381,8012,East Midlands,27.458811782326514,8.9,29.199999999999996,14.900000000000002,8.9,1.5
E06000017,2020,36.8,4.5,12.4,12.3,0.1,21.2,7.8,Rutland,26.3,20.0,,8.381,8012,East Midlands,26.460309535696453,8.3,13.6,14.7,12.0,1.7
E06000017,2021,49.8,4.4,0.0,8.4,,21.7,10.8,Rutland,27.2,0.0,,8.381,8012,East Midlands,27.08437343984024,12.4,36.8,12.3,4.5,0.1
E06000017,2022,33.6,11.7,4.2,11.7,2.0,22.6,7.6,Rutland,10.7,,,8.381,8012,East Midlands,28.207688467299054,0.0,49.8,8.4,4.4,
E06000017,2023,35.9,19.3,19.3,13.0,2.8,20.9,7.5,Rutland,18.8,,,8.381,8012,East Midlands,26.08587119321018,4.2,33.6,11.7,11.7,2.0
E06000017,2024,39.6,15.9,15.9,10.2,4.1,21.2,8.4,Rutland,18.8,23.1,,8.381,8012,East Midlands,26.460309535696453,19.3,35.9,13.0,19.3,2.8
E06000017,2025,22.8,8.4,8.4,11.7,0.7,21.9,5.0,Rutland,26.8,18.4,,8.381,8012,East Midlands,27.33399900149775,15.9,39.6,10.2,15.9,4.1
E06000018,2017,8.1,13.1,15.7,19.100000000000005,2.9,236.9,19.1,Nottingham,26.7,23.9,,34.891,68714,East Midlands,34.47623482841925,,,,,
E06000018,2018,15.0,12.8,8.8,18.8,3.2,238.0,35.8,Nottingham,23.2,22.5,,34.891,68714,East Midlands,34.636318654131614,15.7,8.1,19.100000000000005,13.1,2.9
E06000018,2019,16.7,13.4,11.3,17.2,2.2,252.3,42.1,Nottingham,19.2,25.0,,34.891,68714,East Midlands,36.71740838839247,8.8,15.0,18.8,12.8,3.2
E06000018,2020,14.4,6.6,15.799999999999999,14.9,3.4,261.9,37.8,Nottingham,18.7,31.7,,34.891,68714,East Midlands,38.11450359460954,11.3,16.7,17.2,13.4,2.2
E06000018,2021,11.4,6.8,8.2,15.3,2.2,267.5,30.4,Nottingham,16.9,28.0,10.0,34.891,68714,East Midlands,38.92947579823617,15.799999999999999,14.4,14.9,6.6,3.4
E06000018,2022,26.600000000000005,19.799999999999997,19.2,18.3,5.2,224.7,59.8,Nottingham,19.2,31.6,9.0,34.891,68714,East Midlands,32.70075967051838,8.2,11.4,15.3,6.8,2.2
E06000018,2023,21.9,21.2,17.2,15.3,4.7,202.4,44.3,Nottingham,24.6,26.6,13.0,34.891,68714,East Midlands,29.455423931076638,19.2,26.600000000000005,18.3,19.799999999999997,5.2
E06000018,2024,17.6,17.6,15.5,14.400000000000002,4.3,210.2,37.0,Nottingham,32.2,35.6,11.0,34.891,68714,East Midlands,30.59056378612801,17.2,21.9,15.3,21.2,4.7
E06000018,2025,12.5,11.1,10.4,14.7,6.9,230.9,28.8,Nottingham,27.2,32.2,10.0,34.891,68714,East Midlands,33.60305032453358,15.5,17.6,14.400000000000002,17.6,4.3
E06000019,2017,20.1,14.299999999999999,11.4,16.9,1.3,83.8,16.9,"Herefordshire, County of",15.1,28.7,,18.89,34439,West Midlands,24.332878422718426,,,,,
E06000019,2018,17.5,26.9,16.3,16.5,2.1,84.4,14.8,"Herefordshire, County of",21.3,29.2,,18.89,34439,West Midlands,24.507099509277275,11.4,20.1,16.9,14.299999999999999,1.3
E06000019,2019,13.400000000000002,25.5,14.800000000000002,16.2,2.1,93.7,12.6,"Herefordshire, County of",28.5,31.9,,18.89,34439,West Midlands,27.207526350939343,16.3,17.5,16.5,26.9,2.1
E06000019,2020,17.8,24.800000000000004,19.2,14.0,2.5,99.9,17.8,"Herefordshire, County of",9.3,34.4,,18.89,34439,West Midlands,29.00781091204739,14.800000000000002,13.400000000000002,16.2,25.5,2.1
E06000019,2021,18.8,19.0,32.5,16.7,2.4,103.3,19.4,"Herefordshire, County of",10.6,18.8,9.0,18.89,34439,West Midlands,29.99506373588083,19.2,17.8,14.0,24.800000000000004,2.5
E06000019,2022,50.0,54.0,54.9,18.7,2.3,73.4,36.7,"Herefordshire, County of",2.7,22.7,10.0,18.89,34439,West Midlands,21.31304625569848,32.5,18.8,16.7,19.0,2.4
E06000019,2023,17.7,62.4,55.199999999999996,15.700000000000001,2.9,77.6,13.7,"Herefordshire, County of",,22.5,11.0,18.89,34439,West Midlands,22.53259386161038,54.9,50.0,18.7,54.0,2.3
E06000019,2024,11.4,46.20000000000001,33.9,14.5,2.5,101.0,11.5,"Herefordshire, County of",,33.4,11.0,18.89,34439,West Midlands,29.327216237405267,55.199999999999996,17.7,15.700000000000001,62.4,2.9
E06000019,2025,10.8,32.4,18.3,13.6,3.1,125.5,13.6,"Herefordshire, County of",14.8,32.7,10.0,18.89,34439,West Midlands,36.44124393855803,33.9,11.4,14.5,46.20000000000001,2.5
E06000020,2017,13.5,12.0,9.2,17.5,4.6,108.0,14.6,Telford and Wrekin,21.8,19.2,,24.988,44248,West Midlands,24.40788284216236,,,,,
E06000020,2018,8.3,4.9,8.8,22.3,2.0,134.6,11.2,Telford and Wrekin,21.2,17.5,,24.988,44248,West Midlands,30.419453986620862,9.2,13.5,17.5,12.0,4.6
E06000020,2019,16.2,4.7,7.2,20.1,2.4,141.8,23.0,Telford and Wrekin,18.7,22.5,,24.988,44248,West Midlands,32.046646176098356,8.8,8.3,22.3,4.9,2.0
E06000020,2020,9.3,1.6,4.5,15.4,3.1,150.0,14.0,Telford and Wrekin,21.1,20.5,,24.988,44248,West Midlands,33.89983728078105,7.2,16.2,20.1,4.7,2.4
E06000020,2021,13.5,6.0,2.5,13.7,4.2,156.1,21.1,Telford and Wrekin,19.8,25.0,6.0,24.988,44248,West Midlands,35.278430663532816,4.5,9.3,15.4,1.6,3.1
E06000020,2022,12.6,5.6,5.0,15.3,2.6,152.1,19.2,Telford and Wrekin,16.9,25.3,11.0,24.988,44248,West Midlands,34.374435002711984,2.5,13.5,13.7,6.0,4.2
E06000020,2023,10.8,6.7,2.9,15.200000000000001,3.8000000000000003,167.0,18.1,Telford and Wrekin,17.8,24.2,14.0,24.988,44248,West Midlands,37.74181883926957,5.0,12.6,15.3,5.6,2.6
E06000020,2024,13.3,7.4,3.0,14.100000000000001,4.6,163.1,21.6,Telford and Wrekin,19.1,22.9,12.0,24.988,44248,West Midlands,36.860423069969265,2.9,10.8,15.200000000000001,6.7,3.8000000000000003
E06000020,2025,10.1,2.3,4.0,17.8,4.4,169.2,17.1,Telford and Wrekin,15.8,28.1,13.0,24.988,44248,West Midlands,38.239016452721025,3.0,13.3,14.100000000000001,7.4,4.6
E06000021,2017,7.5,5.599999999999999,4.1,22.0,2.2,214.2,16.0,Stoke-on-Trent,24.0,19.4,,34.504,62520,West Midlands,34.26103646833013,,,,,
E06000021,2018,10.199999999999998,6.3,12.2,21.1,4.4,208.8,21.4,Stoke-on-Trent,23.3,16.6,,34.504,62520,West Midlands,33.39731285988484,4.1,7.5,22.0,5.599999999999999,2.2
E06000021,2019,9.6,16.3,34.7,19.2,3.3,210.4,20.3,Stoke-on-Trent,31.2,17.9,,34.504,62520,West Midlands,33.65323096609085,12.2,10.199999999999998,21.1,6.3,4.4
E06000021,2020,8.5,28.1,30.9,17.7,2.9,216.9,18.5,Stoke-on-Trent,33.2,18.0,,34.504,62520,West Midlands,34.69289827255279,34.7,9.6,19.2,16.3,3.3
E06000021,2021,13.4,14.0,15.6,15.9,2.7,277.0,37.2,Stoke-on-Trent,25.2,15.8,8.0,34.504,62520,West Midlands,44.30582213691619,30.9,8.5,17.7,28.1,2.9
E06000021,2022,18.5,25.4,20.9,21.7,4.8,253.1,46.9,Stoke-on-Trent,23.0,24.0,10.0,34.504,62520,West Midlands,40.48304542546386,15.6,13.4,15.9,14.0,2.7
E06000021,2023,21.3,26.7,23.6,22.4,4.1,239.8,51.0,Stoke-on-Trent,21.8,23.3,11.0,34.504,62520,West Midlands,38.35572616762636,20.9,18.5,21.7,25.4,4.8
E06000021,2024,11.3,23.6,24.2,19.2,2.6,257.0,29.0,Stoke-on-Trent,25.6,27.9,11.0,34.504,62520,West Midlands,41.10684580934101,23.6,21.3,22.4,26.7,4.1
E06000021,2025,8.4,21.7,15.9,18.0,4.5,279.9,23.5,Stoke-on-Trent,21.0,28.4,10.0,34.504,62520,West Midlands,44.76967370441458,24.2,11.3,19.2,23.6,2.6
E06000022,2017,19.6,8.3,5.7,17.0,2.3,86.4,16.9,Bath and North East Somerset,20.1,29.6,,11.745,36601,South West,23.605912406764844,,,,,
E06000022,2018,19.9,7.8,3.7,14.0,2.1,92.5,18.4,Bath and North East Somerset,15.8,20.1,,11.745,36601,South West,25.272533537335043,5.7,19.6,17.0,8.3,2.3
E06000022,2019,18.9,5.7,6.799999999999999,13.5,1.9,91.1,17.2,Bath and North East Somerset,19.3,26.3,,11.745,36601,South West,24.890030327040243,3.7,19.9,14.0,7.8,2.1
E06000022,2020,15.2,6.799999999999999,6.799999999999999,12.2,2.9,91.4,13.9,Bath and North East Somerset,18.2,17.5,,11.745,36601,South West,24.971995300674845,6.799999999999999,18.9,13.5,5.7,1.9
E06000022,2021,8.9,7.4,7.6,13.2,2.5,97.2,8.6,Bath and North East Somerset,15.6,18.4,7.0,11.745,36601,South West,26.55665145761045,6.799999999999999,15.2,12.2,6.799999999999999,2.9
E06000022,2022,13.1,18.6,13.6,13.1,3.0,96.0,12.6,Bath and North East Somerset,14.7,26.6,7.0,11.745,36601,South West,26.228791563072047,7.6,8.9,13.2,7.4,2.5
E06000022,2023,13.0,7.8,9.1,13.9,0.1,112.5,14.6,Bath and North East Somerset,14.1,25.2,7.0,11.745,36601,South West,30.736865112975057,13.6,13.1,13.1,18.6,3.0
E06000022,2024,19.299999999999997,12.1,9.9,12.7,2.8,108.9,21.0,Bath and North East Somerset,16.7,32.9,8.0,11.745,36601,South West,29.753285429359853,9.1,13.0,13.9,7.8,0.1
E06000022,2025,10.6,10.500000000000002,9.8,16.3,1.4,119.2,12.6,Bath and North East Somerset,13.4,15.1,8.0,11.745,36601,South West,32.567416190814455,9.9,19.299999999999997,12.7,12.1,2.8
E06000023,2017,9.4,17.1,0.7,20.0,3.7,254.8,23.8,"Bristol, City of",23.1,22.4,,26.363,92705,South West,27.485033169731945,,,,,
E06000023,2018,15.2,3.6,3.6,17.5,3.1,268.7,40.8,"Bristol, City of",26.7,22.7,,26.363,92705,South West,28.98441292271183,0.7,9.4,20.0,17.1,3.7
E06000023,2019,4.4,2.9,0.3,17.2,1.8999999999999997,294.3,12.9,"Bristol, City of",31.2,21.4,,26.363,92705,South West,31.74586052532226,3.6,15.2,17.5,3.6,3.1
E06000023,2020,8.3,5.1,4.0,15.2,3.2,279.5,23.1,"Bristol, City of",29.4,27.4,,26.363,92705,South West,30.149398630063104,0.3,4.4,17.2,2.9,1.8999999999999997
E06000023,2021,12.0,1.3,2.1,13.8,3.9,295.0,35.5,"Bristol, City of",23.3,20.5,9.0,26.363,92705,South West,31.82136885820614,4.0,8.3,15.2,5.1,3.2
E06000023,2022,17.4,7.0,6.1,15.3,4.0,278.9,48.5,"Bristol, City of",26.1,25.1,8.0,26.363,92705,South West,30.084677201876918,2.1,12.0,13.8,1.3,3.9
E06000023,2023,19.6,13.7,4.8,16.6,3.7000000000000006,277.2,54.3,"Bristol, City of",22.5,24.0,8.0,26.363,92705,South West,29.90129982201607,6.1,17.4,15.3,7.0,4.0
E06000023,2024,12.2,15.3,6.3,16.0,,293.2,35.9,"Bristol, City of",25.2,32.0,8.0,26.363,92705,South West,31.62720457364759,4.8,19.6,16.6,13.7,3.7000000000000006
E06000023,2025,7.199999999999999,3.0,3.0,15.5,3.8,327.4,23.6,"Bristol, City of",23.2,26.3,8.0,26.363,92705,South West,35.31632598025996,6.3,12.2,16.0,15.3,
E06000024,2017,12.3,21.3,27.1,16.4,,69.3,8.5,North Somerset,21.0,26.0,,15.825,44360,South West,15.622182146077547,,,,,
E06000024,2018,21.8,12.2,12.2,15.1,,83.8,18.3,North Somerset,21.1,26.4,,15.825,44360,South West,18.890892696122634,27.1,12.3,16.4,21.3,
E06000024,2019,9.8,18.2,10.4,15.000000000000002,2.2,89.6,8.8,North Somerset,19.8,22.4,,15.825,44360,South West,20.198376916140663,12.2,21.8,15.1,12.2,
E06000024,2020,22.0,13.8,8.9,14.800000000000002,3.2,81.4,17.9,North Somerset,25.3,24.6,,15.825,44360,South West,18.349864743011725,10.4,9.8,15.000000000000002,18.2,2.2
E06000024,2021,11.2,11.4,5.0,15.6,2.9,85.1,9.5,North Somerset,18.1,25.6,11.0,15.825,44360,South West,19.183949504057708,8.9,22.0,14.800000000000002,13.8,3.2
E06000024,2022,33.8,25.9,15.600000000000001,19.3,2.6,74.5,25.2,North Somerset,13.2,26.7,13.0,15.825,44360,South West,16.794409377817853,5.0,11.2,15.6,11.4,2.9
E06000024,2023,21.1,29.599999999999998,29.400000000000002,15.000000000000002,3.8,73.1,15.4,North Somerset,14.8,36.1,15.0,15.825,44360,South West,16.478809738503156,15.600000000000001,33.8,19.3,25.9,2.6
E06000024,2024,18.2,28.800000000000004,29.0,13.799999999999999,2.3,79.3,14.4,North Somerset,20.0,21.6,16.0,15.825,44360,South West,17.876465284039675,29.400000000000002,21.1,15.000000000000002,29.599999999999998,3.8
E06000024,2025,13.3,24.599999999999998,27.7,15.5,4.0,88.9,11.8,North Somerset,15.4,28.3,12.0,15.825,44360,South West,20.040577096483318,29.0,18.2,13.799999999999999,28.800000000000004,2.3
E06000025,2017,13.9,16.5,19.5,20.8,1.6999999999999997,104.2,14.5,South Gloucestershire,23.5,25.8,,11.66,62794,South West,16.593942096378637,,,,,
E06000025,2018,19.1,22.9,19.8,19.5,2.6,115.5,22.0,South Gloucestershire,24.3,18.0,,11.66,62794,South West,18.393477083797816,19.5,13.9,20.8,16.5,1.6999999999999997
E06000025,2019,18.0,27.8,27.0,16.8,1.4,106.6,19.2,South Gloucestershire,22.2,21.3,,11.66,62794,South West,16.976144217600407,19.8,19.1,19.5,22.9,2.6
E06000025,2020,22.0,26.9,25.1,17.0,2.9,108.4,23.8,South Gloucestershire,22.9,27.0,,11.66,62794,South West,17.26279580851674,27.0,18.0,16.8,27.8,1.4
E06000025,2021,17.1,23.9,23.9,16.6,1.6,121.5,20.8,South Gloucestershire,17.9,25.3,8.0,11.66,62794,South West,19.34898238685225,25.1,22.0,17.0,26.9,2.9
E06000025,2022,18.8,27.0,30.8,17.9,2.1,120.8,22.7,South Gloucestershire,16.7,28.1,6.0,11.66,62794,South West,19.237506768162564,23.9,17.1,16.6,23.9,1.6
E06000025,2023,14.2,17.0,16.7,16.3,1.8000000000000003,161.1,22.9,South Gloucestershire,17.9,18.2,7.0,11.66,62794,South West,25.655317387011497,30.8,18.8,17.9,27.0,2.1
E06000025,2024,18.2,19.8,20.4,16.3,3.1,149.5,27.3,South Gloucestershire,17.7,27.0,4.0,11.66,62794,South West,23.808007134439595,16.7,14.2,16.3,17.0,1.8000000000000003
E06000025,2025,12.0,18.0,21.9,15.600000000000001,2.8,155.3,18.6,South Gloucestershire,17.1,26.5,7.0,11.66,62794,South West,24.73166226072555,20.4,18.2,16.3,19.8,3.1
E06000026,2017,12.1,14.3,14.4,20.6,2.5,149.4,18.0,Plymouth,30.8,29.4,,26.619,52113,South West,28.668470439237815,,,,,
E06000026,2018,10.9,5.2,7.6,18.2,1.0,165.4,18.0,Plymouth,28.0,26.8,,26.619,52113,South West,31.738721624162878,14.4,12.1,20.6,14.3,2.5
E06000026,2019,18.3,4.2,2.5,19.9,1.6,157.0,28.8,Plymouth,31.3,22.7,,26.619,52113,South West,30.126839752077217,7.6,10.9,18.2,5.2,1.0
E06000026,2020,13.0,4.7,1.8000000000000003,21.3,1.2,163.3,21.3,Plymouth,24.4,28.8,,26.619,52113,South West,31.335751156141463,2.5,18.3,19.9,4.2,1.6
E06000026,2021,17.3,5.2,13.3,19.5,4.1,162.8,28.2,Plymouth,23.8,27.4,12.0,26.619,52113,South West,31.23980580661256,1.8000000000000003,13.0,21.3,4.7,1.2
E06000026,2022,17.1,23.2,14.400000000000002,19.0,4.9,148.9,25.5,Plymouth,21.6,27.5,13.0,26.619,52113,South West,28.572525089708904,13.3,17.3,19.5,5.2,4.1
E06000026,2023,13.6,15.2,19.7,21.1,4.7,162.3,22.2,Plymouth,20.0,25.8,10.0,26.619,52113,South West,31.143860457083647,14.400000000000002,17.1,19.0,23.2,4.9
E06000026,2024,13.4,24.899999999999995,14.900000000000002,16.1,3.6999999999999997,169.1,22.6,Plymouth,20.1,30.1,12.0,26.619,52113,South West,32.4487172106768,19.7,13.6,21.1,15.2,4.7
E06000026,2025,8.1,12.6,8.8,15.8,3.3,172.8,14.0,Plymouth,26.0,19.7,12.0,26.619,52113,South West,33.158712797190724,14.900000000000002,13.4,16.1,24.899999999999995,3.6999999999999997
E06000027,2017,29.700000000000003,19.3,26.1,21.0,4.0,79.4,23.6,Torbay,27.0,21.2,,28.104,24811,South West,32.00193462577083,,,,,
E06000027,2018,18.3,27.1,31.7,20.4,,72.5,13.3,Torbay,24.6,26.9,,28.104,24811,South West,29.220910080206362,26.1,29.700000000000003,21.0,19.3,4.0
E06000027,2019,34.7,33.9,42.8,17.9,5.4,70.3,24.4,Torbay,26.4,31.6,,28.104,24811,South West,28.33420660191044,31.7,18.3,20.4,27.1,
E06000027,2020,15.599999999999998,38.7,43.8,20.8,4.7,66.6,10.4,Torbay,22.2,28.4,,28.104,24811,South West,26.842932570230946,42.8,34.7,17.9,33.9,5.4
E06000027,2021,14.6,21.7,31.2,16.6,2.6,102.4,15.0,Torbay,24.5,24.1,11.0,28.104,24811,South West,41.27201644431905,43.8,15.599999999999998,20.8,38.7,4.7
E06000027,2022,17.1,12.9,15.6,17.7,4.4,124.0,21.2,Torbay,26.5,33.3,15.0,28.104,24811,South West,49.9778324130426,31.2,14.6,16.6,21.7,2.6
E06000027,2023,23.8,11.9,16.5,15.8,5.1,116.7,27.7,Torbay,22.6,35.2,21.0,28.104,24811,South West,47.03558905324251,15.6,17.1,17.7,12.9,4.4
E06000027,2024,14.6,13.1,19.8,18.1,6.7,121.0,17.7,Torbay,26.5,29.0,19.0,28.104,24811,South West,48.76869130627544,16.5,23.8,15.8,11.9,5.1
E06000027,2025,13.0,4.8,8.5,15.5,7.1,118.4,15.4,Torbay,24.3,33.3,16.0,28.104,24811,South West,47.72076901374391,19.8,14.6,18.1,13.1,6.7
E06000030,2017,20.4,19.5,25.2,20.4,2.8999999999999995,107.4,21.9,Swindon,26.6,20.2,,18.622,54244,South West,19.79942482117838,,,,,
E06000030,2018,33.1,53.800000000000004,49.50000000000001,16.5,1.9,87.7,29.0,Swindon,24.2,19.8,,18.622,54244,South West,16.16768674876484,25.2,20.4,20.4,19.5,2.8999999999999995
E06000030,2019,24.800000000000004,48.599999999999994,48.599999999999994,15.500000000000002,1.5999999999999999,94.2,23.4,Swindon,18.0,12.1,,18.622,54244,South West,17.36597596047489,49.50000000000001,33.1,16.5,53.800000000000004,1.9
E06000030,2020,10.800000000000002,35.1,35.1,12.8,2.9,118.4,12.8,Swindon,29.5,12.9,,18.622,54244,South West,21.827298871764622,48.599999999999994,24.800000000000004,15.500000000000002,48.599999999999994,1.5999999999999999
E06000030,2021,8.0,37.2,37.2,18.0,3.6,138.2,11.1,Swindon,24.0,17.4,12.0,18.622,54244,South West,25.47747216281985,35.1,10.800000000000002,12.8,35.1,2.9
E06000030,2022,28.6,33.5,33.5,15.500000000000002,2.1,134.9,38.5,Swindon,24.7,18.7,13.0,18.622,54244,South West,24.86910994764398,37.2,8.0,18.0,37.2,3.6
E06000030,2023,17.5,27.2,27.2,19.3,3.7000000000000006,149.8,26.2,Swindon,25.0,25.4,13.0,18.622,54244,South West,27.615957525256253,33.5,28.6,15.500000000000002,33.5,2.1
E06000030,2024,31.6,28.1,28.1,16.8,5.1,118.0,37.3,Swindon,20.4,27.1,10.0,18.622,54244,South West,21.753557997197845,27.2,17.5,19.3,27.2,3.7000000000000006
E06000030,2025,14.9,31.6,34.9,19.6,3.9,119.3,17.8,Swindon,23.0,28.5,11.0,18.622,54244,South West,21.993215839539857,28.1,31.6,16.8,28.1,5.1
E06000031,2017,32.0,17.6,16.6,16.6,2.9999999999999996,95.6,30.6,Peterborough,26.9,24.0,,27.821,57621,East of England,16.59117335693584,,,,,
E06000031,2018,17.9,17.6,20.0,18.0,1.7999999999999998,91.2,16.3,Peterborough,18.9,27.8,,27.821,57621,East of England,15.827562867704483,16.6,32.0,16.6,17.6,2.9999999999999996
E06000031,2019,23.899999999999995,13.800000000000002,13.1,17.4,2.2,106.0,25.3,Peterborough,21.5,25.1,,27.821,57621,East of England,18.396070876937227,20.0,17.9,18.0,17.6,1.7999999999999998
E06000031,2020,14.0,10.1,7.7,14.2,3.3,125.0,17.5,Peterborough,30.9,19.0,,27.821,57621,East of England,21.693479807708997,13.1,23.899999999999995,17.4,13.800000000000002,2.2
E06000031,2021,6.2,4.8,6.5,14.7,6.8,129.5,8.0,Peterborough,22.4,20.9,9.0,27.821,57621,East of England,22.47444508078652,7.7,14.0,14.2,10.1,3.3
E06000031,2022,33.0,26.3,7.3,14.399999999999999,1.9,127.3,42.0,Peterborough,18.6,11.6,8.0,27.821,57621,East of England,22.09263983617084,6.5,6.2,14.7,4.8,6.8
E06000031,2023,12.9,23.1,21.1,14.5,2.6,119.8,15.5,Peterborough,18.6,24.7,7.0,27.821,57621,East of England,20.7910310477083,7.3,33.0,14.399999999999999,26.3,1.9
E06000031,2024,16.2,37.7,35.0,19.0,3.4,132.3,21.5,Peterborough,19.2,22.6,11.0,27.821,57621,East of England,22.9603790284792,21.1,12.9,14.5,23.1,2.6
E06000031,2025,9.7,17.7,18.4,17.1,2.1,177.0,17.1,Peterborough,19.8,25.4,11.0,27.821,57621,East of England,30.717967407715935,35.0,16.2,19.0,37.7,3.4
E06000032,2017,15.4,32.9,31.1,21.3,4.7,103.9,16.0,Luton,20.0,14.5,,25.908,62280,East of England,16.68272318561336,,,,,
E06000032,2018,16.3,43.3,31.3,23.900000000000002,5.4,96.7,15.8,Luton,21.8,20.2,,25.908,62280,East of England,15.526653821451509,31.1,15.4,21.3,32.9,4.7
E06000032,2019,9.4,38.70000000000001,36.6,17.2,3.0,109.2,10.2,Luton,18.2,17.2,,25.908,62280,East of England,17.533718689788053,31.3,16.3,23.900000000000002,43.3,5.4
E06000032,2020,12.8,37.2,30.6,22.6,0.5,133.6,17.1,Luton,17.0,21.0,,25.908,62280,East of England,21.451509312780985,36.6,9.4,17.2,38.70000000000001,3.0
E06000032,2021,19.0,41.7,30.600000000000005,18.7,0.5,146.5,27.8,Luton,26.0,17.2,8.0,25.908,62280,East of England,23.522800256904304,30.6,12.8,22.6,37.2,0.5
E06000032,2022,16.1,42.5,37.9,16.5,2.5,132.7,21.3,Luton,19.6,16.3,12.0,25.908,62280,East of England,21.307000642260757,30.600000000000005,19.0,18.7,41.7,0.5
E06000032,2023,28.3,38.0,33.6,14.8,0.9,140.4,39.7,Luton,21.0,28.9,7.0,25.908,62280,East of England,22.54335260115607,37.9,16.1,16.5,42.5,2.5
E06000032,2024,10.2,29.000000000000004,24.5,13.5,1.3,166.8,17.0,Luton,20.8,21.2,9.0,25.908,62280,East of England,26.782273603082853,33.6,28.3,14.8,38.0,0.9
E06000032,2025,20.0,31.9,28.9,13.699999999999998,1.4,166.9,33.4,Luton,18.9,23.6,13.0,25.908,62280,East of England,26.798330122029544,24.5,10.2,13.5,29.000000000000004,1.3
E06000033,2017,12.899999999999999,14.9,18.7,20.0,2.0,91.6,11.8,Southend-on-Sea,16.3,29.3,,22.375,39611,East of England,23.12488955088233,,,,,
E06000033,2018,18.0,16.7,12.3,15.3,3.8,99.8,18.0,Southend-on-Sea,23.7,15.5,,22.375,39611,East of England,25.19502158491328,18.7,12.899999999999999,20.0,14.9,2.0
E06000033,2019,13.0,15.0,12.4,16.3,4.4,119.3,15.5,Southend-on-Sea,24.4,20.6,,22.375,39611,East of England,30.117896543889323,12.3,18.0,15.3,16.7,3.8
E06000033,2020,19.6,9.2,9.2,15.6,3.6,127.7,25.0,Southend-on-Sea,30.2,23.4,,22.375,39611,East of England,32.23851960314054,12.4,13.0,16.3,15.0,4.4
E06000033,2021,14.2,17.7,13.0,15.6,2.6,121.0,17.2,Southend-on-Sea,27.8,21.2,12.0,22.375,39611,East of England,30.547070258261595,9.2,19.6,15.6,9.2,3.6
E06000033,2022,34.7,23.0,23.0,15.9,5.4,103.7,36.0,Southend-on-Sea,19.7,12.5,10.0,22.375,39611,East of England,26.17959657670849,13.0,14.2,15.6,17.7,2.6
E06000033,2023,25.8,28.899999999999995,26.3,14.800000000000002,3.1,101.0,26.1,Southend-on-Sea,21.7,25.5,14.0,22.375,39611,East of England,25.497967736234887,23.0,34.7,15.9,23.0,5.4
E06000033,2024,15.899999999999999,20.7,23.7,13.200000000000001,5.0,109.3,17.4,Southend-on-Sea,21.0,28.7,12.0,22.375,39611,East of England,27.59334528287597,26.3,25.8,14.800000000000002,28.899999999999995,3.1
E06000033,2025,18.3,15.1,19.1,11.4,2.4,110.0,20.1,Southend-on-Sea,17.1,9.9,11.0,22.375,39611,East of England,27.770063871146903,23.7,15.899999999999999,13.200000000000001,20.7,5.0
E06000034,2017,6.9,23.9,23.9,16.3,3.2,98.2,6.8,Thurrock,13.6,17.4,,20.928,46271,East of England,21.222796135808604,,,,,
E06000034,2018,13.0,25.8,22.399999999999995,19.7,3.8,112.4,14.6,Thurrock,10.0,15.9,,20.928,46271,East of England,24.29167297011087,23.9,6.9,16.3,23.9,3.2
E06000034,2019,20.2,17.0,21.3,15.5,3.4,146.7,29.6,Thurrock,13.2,19.2,,20.928,46271,East of England,31.70452335155929,22.399999999999995,13.0,19.7,25.8,3.8
E06000034,2020,13.2,17.7,15.6,14.8,3.0,162.3,21.5,Thurrock,15.5,25.1,,20.928,46271,East of England,35.07596550755333,21.3,20.2,15.5,17.0,3.4
E06000034,2021,14.4,18.4,19.6,13.4,5.0,159.7,23.0,Thurrock,19.0,14.0,9.0,20.928,46271,East of England,34.51405848155432,15.6,13.2,14.8,17.7,3.0
E06000034,2022,21.2,26.1,26.1,12.2,3.7000000000000006,138.6,29.4,Thurrock,20.5,13.9,11.0,20.928,46271,East of England,29.953966847485464,19.6,14.4,13.4,18.4,5.0
E06000034,2023,20.9,29.5,26.6,14.6,2.9999999999999996,124.1,25.9,Thurrock,20.1,18.5,10.0,20.928,46271,East of England,26.820254587106394,26.1,21.2,12.2,26.1,3.7000000000000006
E06000034,2024,16.0,28.1,24.5,11.6,1.8,135.9,21.8,Thurrock,18.4,28.5,11.0,20.928,46271,East of England,29.370448012794192,26.6,20.9,14.6,29.5,2.9999999999999996
E06000034,2025,11.0,22.9,19.4,12.2,2.4,145.2,16.0,Thurrock,16.0,23.1,7.0,20.928,46271,East of England,31.380346221175248,24.5,16.0,11.6,28.1,1.8
E06000035,2017,25.4,34.7,29.3,17.6,2.6,130.6,33.2,Medway,17.6,20.7,,23.936,68774,South East,18.98973449268619,,,,,
E06000035,2018,19.7,33.3,38.1,18.9,4.2,129.8,25.6,Medway,17.0,22.5,,23.936,68774,South East,18.873411463634515,29.3,25.4,17.6,34.7,2.6
E06000035,2019,22.5,20.4,29.7,20.3,4.2,162.1,36.5,Medway,14.3,17.5,,23.936,68774,South East,23.56995376159595,38.1,19.7,18.9,33.3,4.2
E06000035,2020,18.3,28.999999999999996,35.6,13.300000000000002,1.4,171.7,31.5,Medway,24.9,21.8,,23.936,68774,South East,24.965830110216068,29.7,22.5,20.3,20.4,4.2
E06000035,2021,18.1,21.5,19.9,12.3,2.2,195.0,35.3,Medway,25.1,16.1,11.0,23.936,68774,South East,28.353738331346147,35.6,18.3,13.300000000000002,28.999999999999996,1.4
E06000035,2022,19.3,29.4,26.2,15.8,2.6,191.5,36.9,Medway,20.6,27.9,11.0,23.936,68774,South East,27.844825079245062,19.9,18.1,12.3,21.5,2.2
E06000035,2023,24.8,29.300000000000004,31.899999999999995,19.0,4.1,188.2,46.6,Medway,21.1,20.8,13.0,23.936,68774,South East,27.3649925844069,26.2,19.3,15.8,29.4,2.6
E06000035,2024,18.2,22.6,21.1,14.7,3.5999999999999996,217.4,39.5,Medway,23.9,26.5,14.0,23.936,68774,South East,31.610783144793093,31.899999999999995,24.8,19.0,29.300000000000004,4.1
E06000035,2025,17.5,26.500000000000004,20.7,15.7,3.8,230.3,40.3,Medway,24.8,25.7,14.0,23.936,68774,South East,33.48649198825138,21.1,18.2,14.7,22.6,3.5999999999999996
E06000036,2017,15.6,7.0,9.5,16.0,1.9,66.7,10.4,Bracknell Forest,23.5,26.1,,10.241,29372,South East,22.708702165327527,,,,,
E06000036,2018,19.8,14.5,7.8,13.8,1.5,70.7,14.0,Bracknell Forest,23.5,17.8,,10.241,29372,South East,24.07054337464252,9.5,15.6,16.0,7.0,1.9
E06000036,2019,25.1,18.3,18.3,13.2,2.0,58.2,14.6,Bracknell Forest,27.5,23.5,,10.241,29372,South East,19.814789595533163,7.8,19.8,13.8,14.5,1.5
E06000036,2020,14.0,13.7,0.0,16.9,1.3,63.2,8.9,Bracknell Forest,25.5,23.9,,10.241,29372,South East,21.517091107176906,18.3,25.1,13.2,18.3,2.0
E06000036,2021,31.3,19.0,8.6,17.3,1.2,63.9,20.0,Bracknell Forest,20.0,19.2,12.0,10.241,29372,South East,21.755413318807026,0.0,14.0,16.9,13.7,1.3
E06000036,2022,41.8,23.7,17.5,19.2,1.6,54.7,22.8,Bracknell Forest,18.7,23.4,15.0,10.241,29372,South East,18.623178537382543,8.6,31.3,17.3,19.0,1.2
E06000036,2023,23.3,19.2,14.8,16.3,1.9000000000000001,63.3,14.7,Bracknell Forest,22.6,33.3,11.0,10.241,29372,South East,21.551137137409775,17.5,41.8,19.2,23.7,1.6
E06000036,2024,15.3,9.6,10.7,15.8,1.3,75.1,11.5,Bracknell Forest,24.9,23.5,11.0,10.241,29372,South East,25.568568704889007,14.8,23.3,16.3,19.2,1.9000000000000001
E06000036,2025,30.2,15.600000000000001,16.6,19.4,1.6,70.2,21.2,Bracknell Forest,19.2,26.3,14.0,10.241,29372,South East,23.900313223478143,10.7,15.3,15.8,9.6,1.3
E06000037,2017,11.5,15.100000000000001,19.0,15.000000000000002,1.8999999999999997,85.1,9.8,West Berkshire,23.6,22.7,,9.952,35495,South East,23.97520777574306,,,,,
E06000037,2018,21.8,20.3,13.699999999999998,15.7,3.3,80.8,17.6,West Berkshire,26.9,18.2,,9.952,35495,South East,22.76376954500634,19.0,11.5,15.000000000000002,15.100000000000001,1.8999999999999997
E06000037,2019,18.4,19.7,12.6,14.4,3.1,76.6,14.1,West Berkshire,26.2,24.8,,9.952,35495,South East,21.58050429637977,13.699999999999998,21.8,15.7,20.3,3.3
E06000037,2020,12.8,11.1,10.5,13.3,2.7,85.0,10.9,West Berkshire,26.8,21.8,,9.952,35495,South East,23.947034793632906,12.6,18.4,14.4,19.7,3.1
E06000037,2021,10.5,20.4,16.5,13.5,3.6000000000000005,80.7,8.5,West Berkshire,23.4,22.7,12.0,9.952,35495,South East,22.73559656289618,10.5,12.8,13.3,11.1,2.7
E06000037,2022,25.3,34.6,33.0,20.7,1.3,71.9,18.2,West Berkshire,24.5,22.4,10.0,9.952,35495,South East,20.256374137202425,16.5,10.5,13.5,20.4,3.6000000000000005
E06000037,2023,20.6,31.2,26.3,14.499999999999998,1.9,78.6,16.2,West Berkshire,21.4,25.2,12.0,9.952,35495,South East,22.143963938582896,33.0,25.3,20.7,34.6,1.3
E06000037,2024,13.399999999999999,12.6,11.8,15.300000000000002,2.7,96.7,13.0,West Berkshire,21.8,30.4,16.0,9.952,35495,South East,27.2432737005212,26.3,20.6,14.499999999999998,31.2,1.9
E06000037,2025,11.4,11.7,11.4,15.0,3.2,105.5,12.0,West Berkshire,21.7,34.9,12.0,9.952,35495,South East,29.722496126214956,11.8,13.399999999999999,15.300000000000002,12.6,2.7
E06000038,2017,19.3,47.6,45.2,19.3,3.5000000000000004,95.8,18.5,Reading,28.5,28.9,,19.619,38963,South East,24.587429099401994,,,,,
E06000038,2018,22.0,46.8,34.1,18.4,1.6,96.8,21.3,Reading,22.4,17.7,,19.619,38963,South East,24.84408284782999,45.2,19.3,19.3,47.6,3.5000000000000004
E06000038,2019,10.7,34.8,32.8,16.7,3.2,118.6,12.7,Reading,27.2,28.7,,19.619,38963,South East,30.439134563560298,34.1,22.0,18.4,46.8,1.6
E06000038,2020,22.8,29.8,28.0,17.0,2.0,107.8,24.6,Reading,26.4,25.0,,19.619,38963,South East,27.667274080537943,32.8,10.7,16.7,34.8,3.2
E06000038,2021,14.0,31.9,23.799999999999997,17.5,3.3,102.3,14.3,Reading,18.4,29.0,8.0,19.619,38963,South East,26.25567846418397,28.0,22.8,17.0,29.8,2.0
E06000038,2022,23.6,27.800000000000004,27.800000000000004,19.2,2.8,106.5,25.2,Reading,20.5,28.2,6.0,19.619,38963,South East,27.333624207581554,23.799999999999997,14.0,17.5,31.9,3.3
E06000038,2023,15.8,13.7,17.2,20.7,3.7,125.5,19.8,Reading,25.1,27.9,8.0,19.619,38963,South East,32.210045427713474,27.800000000000004,23.6,19.2,27.800000000000004,2.8
E06000038,2024,24.0,16.3,14.0,16.5,1.5,123.3,29.5,Reading,26.6,30.0,12.0,19.619,38963,South East,31.64540718117188,17.2,15.8,20.7,13.7,3.7
E06000038,2025,26.8,22.6,23.5,16.9,1.4,126.6,33.9,Reading,22.9,25.1,11.0,19.619,38963,South East,32.49236455098426,14.0,24.0,16.5,16.3,1.5
E06000039,2017,15.600000000000001,29.599999999999998,31.900000000000002,14.4,1.3,83.3,13.0,Slough,29.3,22.6,,22.965,46686,South East,17.842608062374158,,,,,
E06000039,2018,20.4,28.399999999999995,33.8,13.0,2.0,93.1,19.0,Slough,24.5,23.3,,22.965,46686,South East,19.94173842265347,31.900000000000002,15.600000000000001,14.4,29.599999999999998,1.3
E06000039,2019,32.1,32.7,32.7,17.5,4.0,84.2,27.0,Slough,14.8,20.5,,22.965,46686,South East,18.035385340358996,33.8,20.4,13.0,28.399999999999995,2.0
E06000039,2020,39.8,44.4,46.3,20.1,3.3,80.4,32.0,Slough,16.9,18.3,,22.965,46686,South East,17.221436833311916,32.7,32.1,17.5,32.7,4.0
E06000039,2021,34.7,37.6,40.9,18.1,1.0,89.4,31.0,Slough,17.3,13.6,13.0,22.965,46686,South East,19.149209613160263,46.3,39.8,20.1,44.4,3.3
E06000039,2022,27.699999999999996,36.3,38.5,18.7,1.9,89.6,24.8,Slough,21.5,20.7,8.0,22.965,46686,South East,19.192049008268,40.9,34.7,18.1,37.6,1.0
E06000039,2023,14.7,29.6,25.3,17.6,1.5,113.0,16.6,Slough,20.2,18.0,12.0,22.965,46686,South East,24.20425823587371,38.5,27.699999999999996,18.7,36.3,1.9
E06000039,2024,27.1,18.2,22.900000000000002,15.4,3.4,117.2,31.8,Slough,22.9,19.7,13.0,22.965,46686,South East,25.10388553313627,25.3,14.7,17.6,29.6,1.5
E06000039,2025,23.3,25.1,20.0,16.7,5.1,124.5,29.0,Slough,20.7,21.0,13.0,22.965,46686,South East,26.66752345456882,22.900000000000002,27.1,15.4,18.2,3.4
E06000040,2017,31.699999999999996,31.6,38.1,15.599999999999998,1.9,52.0,16.5,Windsor and Maidenhead,11.8,30.8,,8.376,34740,South East,14.968336211859528,,,,,
E06000040,2018,34.8,38.3,32.1,17.3,3.1,40.2,14.0,Windsor and Maidenhead,15.6,20.6,,8.376,34740,South East,11.57167530224525,38.1,31.699999999999996,15.599999999999998,31.6,1.9
E06000040,2019,37.2,32.2,40.4,17.4,1.8,44.3,16.5,Windsor and Maidenhead,21.0,12.0,,8.376,34740,South East,12.751871042026481,32.1,34.8,17.3,38.3,3.1
E06000040,2020,20.999999999999996,32.3,28.6,18.0,1.5,52.4,11.0,Windsor and Maidenhead,15.8,15.0,,8.376,34740,South East,15.083477259643061,40.4,37.2,17.4,32.2,1.8
E06000040,2021,31.0,33.0,26.9,17.3,1.4,54.2,16.8,Windsor and Maidenhead,22.1,25.9,5.0,8.376,34740,South East,15.60161197466897,28.6,20.999999999999996,18.0,32.3,1.5
E06000040,2022,29.4,40.0,36.1,16.3,2.0,58.5,17.2,Windsor and Maidenhead,18.4,32.4,13.0,8.376,34740,South East,16.83937823834197,26.9,31.0,17.3,33.0,1.4
E06000040,2023,11.6,29.3,29.3,16.8,1.0,60.3,7.0,Windsor and Maidenhead,21.4,30.8,11.0,8.376,34740,South East,17.357512953367877,36.1,29.4,16.3,40.0,2.0
E06000040,2024,10.4,31.4,27.6,16.0,1.2,65.5,6.8,Windsor and Maidenhead,22.6,30.2,16.0,8.376,34740,South East,18.854346574553826,29.3,11.6,16.8,29.3,1.0
E06000040,2025,22.1,25.6,25.6,16.9,4.5,61.0,13.5,Windsor and Maidenhead,19.6,23.2,11.0,8.376,34740,South East,17.559009786989062,27.6,10.4,16.0,31.4,1.2
E06000041,2017,18.3,19.8,22.0,16.2,3.4,56.7,10.4,Wokingham,18.7,32.6,,5.846,44412,South East,12.766819778438261,,,,,
E06000041,2018,31.6,25.1,31.5,14.3,3.3,53.7,17.0,Wokingham,16.6,24.0,,5.846,44412,South East,12.091326668467982,22.0,18.3,16.2,19.8,3.4
E06000041,2019,7.4,24.7,34.8,16.5,4.4,67.2,5.0,Wokingham,21.1,14.8,,5.846,44412,South East,15.131045663334234,31.5,31.6,14.3,25.1,3.3
E06000041,2020,8.8,23.4,23.7,15.1,3.2,77.4,6.8,Wokingham,24.6,20.2,,5.846,44412,South East,17.42772223723318,34.8,7.4,16.5,24.7,4.4
E06000041,2021,16.8,16.3,14.7,14.7,2.9,87.1,14.6,Wokingham,19.2,18.4,13.0,5.846,44412,South East,19.61181662613708,23.7,8.8,15.1,23.4,3.2
E06000041,2022,17.6,21.1,24.200000000000003,13.5,4.0,86.3,15.2,Wokingham,16.3,20.5,10.0,5.846,44412,South East,19.431685130145006,14.7,16.8,14.7,16.3,2.9
E06000041,2023,12.900000000000002,16.3,18.9,14.4,3.6,92.7,12.0,Wokingham,18.1,21.0,8.0,5.846,44412,South East,20.8727370980816,24.200000000000003,17.6,13.5,21.1,4.0
E06000041,2024,12.0,10.9,13.9,17.3,2.0,102.8,12.3,Wokingham,18.7,21.6,,5.846,44412,South East,23.146897234981537,18.9,12.900000000000002,14.4,16.3,3.6
E06000041,2025,9.6,5.9,14.5,15.2,1.9,112.4,10.8,Wokingham,16.8,20.6,5.0,5.846,44412,South East,25.30847518688643,13.9,12.0,17.3,10.9,2.0
E06000042,2017,18.9,11.6,9.0,15.7,2.2,145.1,27.4,Milton Keynes,19.1,8.7,,17.98,74569,South East,19.4584881116818,,,,,
E06000042,2018,17.9,13.4,11.6,16.2,1.4,142.1,25.5,Milton Keynes,20.6,8.0,,17.98,74569,South East,19.056176158993683,9.0,18.9,15.7,11.6,2.2
E06000042,2019,8.3,12.7,9.1,18.0,1.8,159.7,13.2,Milton Keynes,19.8,13.9,,17.98,74569,South East,21.41640628143062,11.6,17.9,16.2,13.4,1.4
E06000042,2020,16.5,9.6,6.2,17.1,1.5,150.7,24.8,Milton Keynes,16.9,11.2,,17.98,74569,South East,20.209470423366277,9.1,8.3,18.0,12.7,1.8
E06000042,2021,12.700000000000001,12.700000000000001,9.8,16.7,3.4,165.2,20.9,Milton Keynes,20.2,13.6,12.0,17.98,74569,South East,22.153978194692165,6.2,16.5,17.1,9.6,1.5
E06000042,2022,22.4,18.8,11.2,18.5,3.6000000000000005,151.4,33.9,Milton Keynes,19.3,12.9,16.0,17.98,74569,South East,20.30334321232684,9.8,12.700000000000001,16.7,12.700000000000001,3.4
E06000042,2023,14.8,21.4,15.899999999999999,15.699999999999998,2.6,163.8,24.3,Milton Keynes,19.9,16.5,15.0,17.98,74569,South East,21.966232616771045,11.2,22.4,18.5,18.8,3.6000000000000005
E06000042,2024,11.2,17.6,16.2,17.2,3.4,173.1,19.4,Milton Keynes,19.2,23.1,17.0,17.98,74569,South East,23.213399670104195,15.899999999999999,14.8,15.699999999999998,21.4,2.6
E06000042,2025,18.0,18.9,17.5,15.6,3.9,171.5,31.0,Milton Keynes,20.3,22.2,18.0,17.98,74569,South East,22.998833295337207,16.2,11.2,17.2,17.6,3.4
E06000043,2017,14.8,0.9,1.4,16.0,3.9,213.9,31.7,Brighton and Hove,24.7,21.9,,20.761,46612,South East,45.8894705226122,,,,,
E06000043,2018,15.5,0.9000000000000001,0.0,15.8,2.9,215.8,33.5,Brighton and Hove,28.3,23.8,,20.761,46612,South East,46.29709087788552,1.4,14.8,16.0,0.9,3.9
E06000043,2019,10.8,0.7,0.0,14.6,3.6,223.8,24.3,Brighton and Hove,24.5,27.7,,20.761,46612,South East,48.0133871106153,0.0,15.5,15.8,0.9000000000000001,2.9
E06000043,2020,9.1,1.0,0.4,14.8,1.3,224.9,20.5,Brighton and Hove,30.6,26.8,,20.761,46612,South East,48.24937784261563,0.0,10.8,14.6,0.7,3.6
E06000043,2021,7.299999999999999,0.0,0.0,14.599999999999998,2.8,226.9,16.7,Brighton and Hove,27.3,24.4,10.0,20.761,46612,South East,48.67845190079808,0.4,9.1,14.8,1.0,1.3
E06000043,2022,13.2,0.0,0.0,13.000000000000002,1.1,212.9,28.1,Brighton and Hove,21.7,27.0,11.0,20.761,46612,South East,45.67493349352098,0.0,7.299999999999999,14.599999999999998,0.0,2.8
E06000043,2023,9.2,0.0,0.0,12.3,3.9,253.2,23.2,Brighton and Hove,25.0,33.3,10.0,20.761,46612,South East,54.32077576589719,0.0,13.2,13.000000000000002,0.0,1.1
E06000043,2024,9.7,0.0,0.0,12.4,2.3,254.4,24.7,Brighton and Hove,24.5,24.2,12.0,20.761,46612,South East,54.578220200806655,0.0,9.2,12.3,0.0,3.9
E06000043,2025,7.5,0.0,0.0,11.4,2.3,250.0,18.9,Brighton and Hove,23.6,30.9,12.0,20.761,46612,South East,53.63425727280529,0.0,9.7,12.4,0.0,2.3
E06000044,2017,12.7,7.1,1.9,16.7,3.7,157.5,19.9,Portsmouth,25.9,20.3,,26.899,43056,South East,36.580267558528426,,,,,
E06000044,2018,7.5,11.8,2.8,16.2,2.1,172.0,12.8,Portsmouth,22.7,26.0,,26.899,43056,South East,39.94797473058343,1.9,12.7,16.7,7.1,3.7
E06000044,2019,12.0,12.899999999999999,1.0,15.8,0.6,188.9,22.7,Portsmouth,25.6,19.8,,26.899,43056,South East,43.87309550353029,2.8,7.5,16.2,11.8,2.1
E06000044,2020,13.4,1.0,1.0,14.1,1.0,195.1,26.1,Portsmouth,23.7,19.7,,26.899,43056,South East,45.313080639167595,1.0,12.0,15.8,12.899999999999999,0.6
E06000044,2021,,7.0,5.0,15.700000000000001,3.7,133.6,,Portsmouth,21.2,22.1,7.0,26.899,43056,South East,31.02935711631364,1.0,13.4,14.1,1.0,1.0
E06000044,2022,18.2,8.9,4.7,15.899999999999999,6.8,143.4,26.1,Portsmouth,24.7,22.8,9.0,26.899,43056,South East,33.30546265328874,5.0,,15.700000000000001,7.0,3.7
E06000044,2023,18.9,18.4,14.3,13.999999999999998,1.7,150.4,28.4,Portsmouth,27.7,21.7,9.0,26.899,43056,South East,34.931252322556674,4.7,18.2,15.899999999999999,8.9,6.8
E06000044,2024,13.7,18.0,13.3,14.2,3.1,168.8,23.1,Portsmouth,24.0,29.8,10.0,26.899,43056,South East,39.20475659606094,14.3,18.9,13.999999999999998,18.4,1.7
E06000044,2025,13.399999999999999,7.9,10.7,16.0,5.8,175.9,23.5,Portsmouth,23.9,21.4,8.0,26.899,43056,South East,40.853771832032706,13.3,13.7,14.2,18.0,3.1
E06000045,2017,9.300000000000002,19.2,12.2,23.9,2.6,118.2,11.0,Southampton,26.6,28.5,,26.876,50941,South East,23.203313637345165,,,,,
E06000045,2018,8.8,16.9,13.8,19.5,2.8,181.7,16.0,Southampton,20.3,30.6,,26.876,50941,South East,35.66871478769556,12.2,9.300000000000002,23.9,19.2,2.6
E06000045,2019,14.9,31.400000000000002,31.7,17.3,6.1,187.7,27.9,Southampton,17.0,20.1,,26.876,50941,South East,36.846547967256235,13.8,8.8,19.5,16.9,2.8
E06000045,2020,11.5,21.3,21.0,16.9,3.0,162.3,18.7,Southampton,22.9,24.4,,26.876,50941,South East,31.86038750711608,31.7,14.9,17.3,31.400000000000002,6.1
E06000045,2021,5.4,20.0,18.0,26.1,3.0,208.0,11.1,Southampton,28.0,23.0,14.0,26.876,50941,South East,40.831550224769835,21.0,11.5,16.9,21.3,3.0
E06000045,2022,20.400000000000002,22.3,16.5,17.9,,226.9,46.3,Southampton,18.1,24.2,15.0,26.876,50941,South East,44.541724740385945,18.0,5.4,26.1,20.0,3.0
E06000045,2023,16.7,15.1,5.9,16.0,2.4,225.0,37.6,Southampton,22.8,33.1,14.0,26.876,50941,South East,44.16874423352506,16.5,20.400000000000002,17.9,22.3,
E06000045,2024,18.8,6.2,2.9,14.9,2.7000000000000006,197.0,37.1,Southampton,24.8,29.3,18.0,26.876,50941,South East,38.67218939557527,5.9,16.7,16.0,15.1,2.4
E06000045,2025,7.4,3.8,8.0,14.3,2.3,228.4,16.8,Southampton,20.2,31.1,14.0,26.876,50941,South East,44.8361830352761,2.9,18.8,14.9,6.2,2.7000000000000006
E06000046,2017,18.1,7.599999999999999,8.8,21.8,4.8,72.6,13.1,Isle of Wight,30.3,20.8,,23.294,23351,South East,31.09074557834782,,,,,
E06000046,2018,19.7,6.6,9.0,20.2,1.7,71.2,14.1,Isle of Wight,30.7,23.3,,23.294,23351,South East,30.491199520363157,8.8,18.1,21.8,7.599999999999999,4.8
E06000046,2019,9.7,12.0,12.0,19.5,2.5,73.5,7.1,Isle of Wight,34.1,21.8,,23.294,23351,South East,31.47616804419511,9.0,19.7,20.2,6.6,1.7
E06000046,2020,7.9,7.1,12.2,18.9,3.0,79.0,6.2,Isle of Wight,35.4,17.7,,23.294,23351,South East,33.83152755770631,12.0,9.7,19.5,12.0,2.5
E06000046,2021,11.6,12.6,22.4,18.8,2.8,76.1,8.8,Isle of Wight,35.6,22.0,13.0,23.294,23351,South East,32.58961072330949,12.2,7.9,18.9,7.1,3.0
E06000046,2022,27.2,18.2,25.9,23.4,1.6,63.0,17.1,Isle of Wight,39.0,25.8,14.0,23.294,23351,South East,26.979572609310093,22.4,11.6,18.8,12.6,2.8
E06000046,2023,7.4,27.4,12.9,20.1,2.9,67.5,5.0,Isle of Wight,41.6,28.0,11.0,23.294,23351,South East,28.90668493854653,25.9,27.2,23.4,18.2,1.6
E06000046,2024,10.2,22.6,24.6,18.2,2.4,73.5,7.5,Isle of Wight,45.4,19.3,11.0,23.294,23351,South East,31.47616804419511,12.9,7.4,20.1,27.4,2.9
E06000046,2025,11.3,25.0,25.0,16.8,2.0,84.0,9.5,Isle of Wight,46.7,26.4,7.0,23.294,23351,South East,35.97276347908013,24.6,10.2,18.2,22.6,2.4
E06000047,2017,11.5,14.3,16.0,18.8,3.7,256.8,29.6,County Durham,18.5,14.7,,26.793,100432,North East,25.569539588975626,,,,,
E06000047,2018,13.1,14.2,12.4,19.7,4.8,253.4,33.3,County Durham,16.8,20.1,,26.793,100432,North East,25.23100207105305,16.0,11.5,18.8,14.3,3.7
E06000047,2019,12.9,11.0,6.1,17.3,2.7,276.2,35.6,County Durham,23.1,17.4,,26.793,100432,North East,27.50119483829855,12.4,13.1,19.7,14.2,4.8
E06000047,2020,13.600000000000001,10.6,9.7,15.7,2.8,304.3,41.4,County Durham,27.9,21.2,,26.793,100432,North East,30.299107854070417,6.1,12.9,17.3,11.0,2.7
E06000047,2021,14.4,7.7,8.7,16.7,3.7000000000000006,323.9,46.5,County Durham,22.8,19.4,8.0,26.793,100432,North East,32.250677075035846,9.7,13.600000000000001,15.7,10.6,2.8
E06000047,2022,12.5,11.8,6.999999999999999,16.7,3.6,321.3,40.3,County Durham,18.3,15.6,13.0,26.793,100432,North East,31.99179544368329,8.7,14.4,16.7,7.7,3.7000000000000006
E06000047,2023,15.499999999999998,14.000000000000002,7.200000000000001,16.6,3.6000000000000005,337.2,52.3,County Durham,16.4,21.4,10.0,26.793,100432,North East,33.57495618926239,6.999999999999999,12.5,16.7,11.8,3.6
E06000047,2024,11.1,13.2,8.9,16.9,3.3,362.8,40.2,County Durham,17.0,21.1,12.0,26.793,100432,North East,36.12394455950295,7.200000000000001,15.499999999999998,16.6,14.000000000000002,3.6000000000000005
E06000047,2025,7.699999999999999,9.8,8.0,16.6,2.5,403.7,31.0,County Durham,18.7,21.2,9.0,26.793,100432,North East,40.19635176039509,8.9,11.1,16.9,13.2,3.3
E06000049,2017,20.7,8.7,6.6,20.2,2.6,167.3,34.6,Cheshire East,25.3,17.4,,14.475,83041,North West,20.146674534266207,,,,,
E06000049,2018,21.8,10.8,7.1,22.6,3.2,156.8,34.1,Cheshire East,22.3,17.7,,14.475,83041,North West,18.882238894040295,6.6,20.7,20.2,8.7,2.6
E06000049,2019,15.5,4.1,4.6,19.0,2.9,167.2,25.9,Cheshire East,20.0,26.0,,14.475,83041,North West,20.13463229007358,7.1,21.8,22.6,10.8,3.2
E06000049,2020,17.3,6.5,7.700000000000001,19.2,3.6,168.8,29.2,Cheshire East,15.8,21.7,,14.475,83041,North West,20.327308197155624,4.6,15.5,19.0,4.1,2.9
E06000049,2021,11.3,4.5,7.7,17.2,3.7,180.1,20.3,Cheshire East,15.5,27.8,7.0,14.475,83041,North West,21.688081790922556,7.700000000000001,17.3,19.2,6.5,3.6
E06000049,2022,20.6,13.800000000000002,10.1,22.2,3.4,160.6,33.0,Cheshire East,14.7,14.8,12.0,14.475,83041,North West,19.339844173360145,7.7,11.3,17.2,4.5,3.7
E06000049,2023,28.100000000000005,22.1,30.0,17.3,4.2,147.6,41.5,Cheshire East,14.1,20.0,13.0,14.475,83041,North West,17.77435242831854,10.1,20.6,22.2,13.800000000000002,3.4
E06000049,2024,22.6,20.6,22.3,18.3,3.6,148.4,33.5,Cheshire East,16.5,24.1,14.0,14.475,83041,North West,17.870690381859564,30.0,28.100000000000005,17.3,22.1,4.2
E06000049,2025,19.2,21.6,31.299999999999997,16.6,4.7,144.0,27.6,Cheshire East,15.8,24.7,11.0,14.475,83041,North West,17.340831637383943,22.3,22.6,18.3,20.6,3.6
E06000050,2017,15.4,11.3,11.0,20.4,3.1,161.1,24.8,Cheshire West and Chester,19.7,14.5,,18.083,71565,North West,22.51100398239363,,,,,
E06000050,2018,21.6,12.999999999999998,9.0,20.8,2.1,162.6,35.1,Cheshire West and Chester,19.0,16.9,,18.083,71565,North West,22.720603647034167,11.0,15.4,20.4,11.3,3.1
E06000050,2019,9.7,5.8,4.6,18.6,5.7,185.8,18.0,Cheshire West and Chester,21.0,15.9,,18.083,71565,North West,25.962411793474466,9.0,21.6,20.8,12.999999999999998,2.1
E06000050,2020,14.6,3.6,3.6,15.900000000000002,7.4,185.7,27.1,Cheshire West and Chester,14.7,17.1,,18.083,71565,North West,25.948438482498428,4.6,9.7,18.6,5.8,5.7
E06000050,2021,13.400000000000002,6.6,7.799999999999999,17.7,6.700000000000001,183.0,24.5,Cheshire West and Chester,23.0,23.0,9.0,18.083,71565,North West,25.57115908614546,3.6,14.6,15.900000000000002,3.6,7.4
E06000050,2022,22.5,10.7,13.5,19.4,2.7,167.3,37.7,Cheshire West and Chester,22.3,21.7,7.0,18.083,71565,North West,23.377349262907845,7.799999999999999,13.400000000000002,17.7,6.6,6.700000000000001
E06000050,2023,14.6,13.6,20.6,19.4,3.5999999999999996,172.1,25.1,Cheshire West and Chester,19.7,22.4,10.0,18.083,71565,North West,24.048068189757565,13.5,22.5,19.4,10.7,2.7
E06000050,2024,16.7,14.7,18.8,19.5,2.7,174.3,29.1,Cheshire West and Chester,21.3,19.3,6.0,18.083,71565,North West,24.355481031230354,20.6,14.6,19.4,13.6,3.5999999999999996
E06000050,2025,5.999999999999999,9.5,13.9,16.4,1.7,201.2,12.0,Cheshire West and Chester,23.0,26.6,7.0,18.083,71565,North West,28.114301683783967,18.8,16.7,19.5,14.7,2.7
E06000051,2017,11.800000000000002,9.8,16.4,25.1,2.8,101.3,11.9,Shropshire,14.7,24.1,,17.153,60153,West Midlands,16.840390337971506,,,,,
E06000051,2018,10.8,10.8,10.8,17.5,2.8,102.7,11.1,Shropshire,12.0,16.4,,17.153,60153,West Midlands,17.073130184695692,16.4,11.800000000000002,25.1,9.8,2.8
E06000051,2019,11.2,0.0,14.4,17.2,2.5,112.8,12.6,Shropshire,16.2,19.5,,17.153,60153,West Midlands,18.75218193606304,10.8,10.8,17.5,10.8,2.8
E06000051,2020,8.5,1.6,16.4,21.2,4.2,121.6,10.3,Shropshire,16.7,18.4,,17.153,60153,West Midlands,20.21511811547221,14.4,11.2,17.2,0.0,2.5
E06000051,2021,8.7,14.9,19.6,23.0,2.2,131.3,11.4,Shropshire,15.1,21.4,9.0,17.153,60153,West Midlands,21.82767276777551,16.4,8.5,21.2,1.6,4.2
E06000051,2022,8.8,19.8,25.3,19.4,3.7,129.7,11.4,Shropshire,13.8,18.7,8.0,17.153,60153,West Midlands,21.56168437151929,19.6,8.7,23.0,14.9,2.2
E06000051,2023,7.7,14.800000000000002,20.5,19.9,3.6000000000000005,143.6,11.1,Shropshire,15.4,22.2,7.0,17.153,60153,West Midlands,23.872458563995142,25.3,8.8,19.4,19.8,3.7
E06000051,2024,9.7,15.5,18.6,19.6,2.1,153.2,14.9,Shropshire,12.7,13.5,8.0,17.153,60153,West Midlands,25.468388941532424,20.5,7.7,19.9,14.800000000000002,3.6000000000000005
E06000051,2025,15.5,14.9,17.7,16.2,3.1,160.0,24.7,Shropshire,12.9,21.3,6.0,17.153,60153,West Midlands,26.598839625621334,18.6,9.7,19.6,15.5,2.1
E06000052,2017,11.4,15.0,1.8999999999999997,16.2,5.099999999999999,224.5,25.5,Cornwall,15.9,12.6,,23.072,105786,South West,21.222089879568184,,,,,
E06000052,2018,10.8,12.2,3.1,16.2,4.5,239.2,25.8,Cornwall,15.5,19.6,,23.072,105786,South West,22.611687746960843,1.8999999999999997,11.4,16.2,15.0,5.099999999999999
E06000052,2019,10.6,12.1,3.9,15.6,4.0,246.8,26.1,Cornwall,19.5,22.3,,23.072,105786,South West,23.33011929744957,3.1,10.8,16.2,12.2,4.5
E06000052,2020,10.2,16.9,1.6,16.7,3.2,246.0,25.2,Cornwall,20.5,18.9,,23.072,105786,South West,23.254494923713914,3.9,10.6,15.6,12.1,4.0
E06000052,2021,10.2,15.6,5.1,16.2,3.6,244.7,24.9,Cornwall,22.9,18.2,13.0,23.072,105786,South West,23.131605316393475,1.6,10.2,16.7,16.9,3.2
E06000052,2022,11.9,16.1,4.9,16.2,5.9,245.1,29.2,Cornwall,28.1,22.0,14.0,23.072,105786,South West,23.1694175032613,5.1,10.2,16.2,15.6,3.6
E06000052,2023,12.5,18.0,7.1,16.1,4.4,244.6,30.7,Cornwall,23.4,21.6,11.0,23.072,105786,South West,23.122152269676516,4.9,11.9,16.2,16.1,5.9
E06000052,2024,14.3,19.5,9.6,16.9,3.9,240.7,34.4,Cornwall,25.3,27.5,12.0,23.072,105786,South West,22.753483447715197,7.1,12.5,16.1,18.0,4.4
E06000052,2025,11.7,20.6,7.2,16.3,4.9,238.4,27.8,Cornwall,27.9,27.5,12.0,23.072,105786,South West,22.53606337322519,9.6,14.3,16.9,19.5,3.9
E06000053,2017,0.0,0.0,33.3,14.5,,2.0,0.0,Isles of Scilly,0.0,0.0,,12.005,319,South West,62.69592476489028,,,,,
E06000053,2018,0.0,0.0,33.3,13.5,,2.0,0.0,Isles of Scilly,0.0,,,12.005,319,South West,62.69592476489028,33.3,0.0,14.5,0.0,
E06000053,2019,100.0,50.0,50.0,16.0,0.0,1.0,1.0,Isles of Scilly,,,,12.005,319,South West,31.34796238244514,33.3,0.0,13.5,0.0,
E06000053,2020,0.0,50.0,50.0,13.0,0.0,1.0,0.0,Isles of Scilly,,,,12.005,319,South West,31.34796238244514,50.0,100.0,16.0,50.0,0.0
E06000053,2021,,100.0,100.0,16.0,,0.0,0.0,Isles of Scilly,,0.0,,12.005,319,South West,0.0,50.0,0.0,13.0,50.0,0.0
E06000053,2022,,100.0,100.0,9.0,,0.0,0.0,Isles of Scilly,0.0,0.0,,12.005,319,South West,0.0,100.0,,16.0,100.0,
E06000053,2023,,100.0,100.0,9.7,,0.0,0.0,Isles of Scilly,,,,12.005,319,South West,0.0,100.0,,9.0,100.0,
E06000053,2024,,100.0,100.0,16.0,,0.0,0.0,Isles of Scilly,,,,12.005,319,South West,0.0,100.0,,9.7,100.0,
E06000053,2025,,100.0,100.0,6.0,,0.0,0.0,Isles of Scilly,0.0,0.0,,12.005,319,South West,0.0,100.0,,16.0,100.0,
E06000054,2017,10.7,10.8,4.700000000000001,19.7,4.700000000000001,222.1,23.7,Wiltshire,18.8,18.3,,13.447,104201,South West,21.31457471617355,,,,,
E06000054,2018,22.2,12.6,8.6,21.3,3.2999999999999994,207.2,46.0,Wiltshire,17.5,20.5,,13.447,104201,South West,19.884646020671585,4.700000000000001,10.7,19.7,10.8,4.700000000000001
E06000054,2019,18.2,18.7,14.1,17.0,4.2,208.7,37.9,Wiltshire,14.7,24.9,,13.447,104201,South West,20.02859857391004,8.6,22.2,21.3,12.6,3.2999999999999994
E06000054,2020,12.8,13.4,9.1,16.5,1.0,220.2,28.2,Wiltshire,21.4,17.7,,13.447,104201,South West,21.132234815404843,14.1,18.2,17.0,18.7,4.2
E06000054,2021,16.6,16.7,4.5,16.1,2.4,214.5,35.7,Wiltshire,16.0,20.5,6.0,13.447,104201,South West,20.585215113098723,9.1,12.8,16.5,13.4,1.0
E06000054,2022,18.2,12.000000000000002,7.7,15.100000000000001,3.5,209.3,38.0,Wiltshire,14.3,23.2,10.0,13.447,104201,South West,20.086179595205422,4.5,16.6,16.1,16.7,2.4
E06000054,2023,13.4,15.0,8.0,13.899999999999999,3.0,219.1,29.3,Wiltshire,16.9,23.8,9.0,13.447,104201,South West,21.026669609696643,7.7,18.2,15.100000000000001,12.000000000000002,3.5
E06000054,2024,16.0,12.8,7.4,12.9,3.0000000000000004,225.3,36.0,Wiltshire,19.1,25.6,7.0,13.447,104201,South West,21.621673496415582,8.0,13.4,13.899999999999999,15.0,3.0
E06000054,2025,15.2,14.8,4.8,16.2,2.2,227.1,34.6,Wiltshire,18.7,25.0,9.0,13.447,104201,South West,21.794416560301723,7.4,16.0,12.9,12.8,3.0000000000000004
E06000055,2017,18.0,38.6,35.8,18.9,2.3,75.5,13.6,Bedford,12.4,18.9,,18.932,44483,East of England,16.972776116718748,,,,,
E06000055,2018,12.1,29.2,35.3,17.4,3.3,82.5,10.0,Bedford,12.2,20.7,,18.932,44483,East of England,18.546410988467503,35.8,18.0,18.9,38.6,2.3
E06000055,2019,10.0,7.5,9.8,18.2,3.8,110.8,11.1,Bedford,15.8,26.5,,18.932,44483,East of England,24.908391969966054,35.3,12.1,17.4,29.2,3.3
E06000055,2020,21.5,11.1,16.1,15.3,2.8,104.5,22.5,Bedford,16.0,28.4,,18.932,44483,East of England,23.492120585392172,9.8,10.0,18.2,7.5,3.8
E06000055,2021,15.199999999999998,12.4,16.2,18.2,2.0,98.5,15.0,Bedford,15.2,9.4,9.0,18.932,44483,East of England,22.14329069532181,16.1,21.5,15.3,11.1,2.8
E06000055,2022,22.9,23.700000000000003,20.4,15.7,3.1,93.9,21.5,Bedford,26.7,24.0,13.0,18.932,44483,East of England,21.109187779601196,16.2,15.199999999999998,18.2,12.4,2.0
E06000055,2023,20.4,27.700000000000003,27.700000000000003,16.8,3.1,91.2,18.6,Bedford,15.0,16.9,13.0,18.932,44483,East of England,20.502214329069535,20.4,22.9,15.7,23.700000000000003,3.1
E06000055,2024,15.9,31.7,27.3,15.6,1.8000000000000003,90.7,14.4,Bedford,25.2,18.1,10.0,18.932,44483,East of England,20.389811838230337,27.700000000000003,20.4,16.8,27.700000000000003,3.1
E06000055,2025,3.6,18.7,25.0,19.5,3.9,110.9,4.0,Bedford,23.3,16.8,8.0,18.932,44483,East of England,24.930872468133895,27.3,15.9,15.6,31.7,1.8000000000000003
E06000056,2017,12.4,18.3,11.6,15.2,1.0,141.0,17.4,Central Bedfordshire,19.8,15.1,,12.152,70074,East of England,20.121585752204812,,,,,
E06000056,2018,6.9,17.1,7.3,14.5,1.9,146.0,10.1,Central Bedfordshire,15.1,21.6,,12.152,70074,East of England,20.835117161857468,11.6,12.4,15.2,18.3,1.0
E06000056,2019,12.6,20.3,5.0,15.1,1.1,154.4,19.5,Central Bedfordshire,13.5,27.5,,12.152,70074,East of England,22.03384993007392,7.3,6.9,14.5,17.1,1.9
E06000056,2020,13.999999999999998,12.0,7.400000000000001,13.4,2.0,161.9,22.7,Central Bedfordshire,16.9,18.1,,12.152,70074,East of England,23.104147044552903,5.0,12.6,15.1,20.3,1.1
E06000056,2021,17.0,13.0,7.499999999999999,12.3,3.7,164.3,27.9,Central Bedfordshire,20.9,15.3,6.0,12.152,70074,East of England,23.446642121186176,7.400000000000001,13.999999999999998,13.4,12.0,2.0
E06000056,2022,23.3,23.8,15.1,13.1,2.6,150.6,35.1,Central Bedfordshire,19.3,21.1,6.0,12.152,70074,East of England,21.491566058737906,7.499999999999999,17.0,12.3,13.0,3.7
E06000056,2023,21.4,18.7,14.6,15.0,1.9000000000000001,153.9,33.0,Central Bedfordshire,22.8,18.5,9.0,12.152,70074,East of England,21.96249678910866,15.1,23.3,13.1,23.8,2.6
E06000056,2024,27.2,25.1,16.9,17.7,2.7,137.3,37.3,Central Bedfordshire,18.5,16.0,7.0,12.152,70074,East of England,19.593572509061854,14.6,21.4,15.0,18.7,1.9000000000000001
E06000056,2025,23.0,25.0,17.1,16.4,3.2,131.7,30.3,Central Bedfordshire,15.9,13.8,10.0,12.152,70074,East of England,18.794417330250877,16.9,27.2,17.7,25.1,2.7
E06000057,2017,6.9,0.0,4.4,19.3,3.2000000000000006,194.2,13.3,Northumberland,23.8,6.8,,22.079,59056,North East,32.88404226496884,,,,,
E06000057,2018,15.900000000000002,7.7,6.6,18.9,3.5,180.3,28.6,Northumberland,17.3,16.0,,22.079,59056,North East,30.53034408019507,4.4,6.9,19.3,0.0,3.2000000000000006
E06000057,2019,12.7,9.3,4.9,16.5,4.9,194.8,24.8,Northumberland,21.8,17.9,,22.079,59056,North East,32.98564074776483,6.6,15.900000000000002,18.9,7.7,3.5
E06000057,2020,14.7,9.7,9.4,14.9,3.0,195.6,28.7,Northumberland,21.5,24.9,,22.079,59056,North East,33.12110539149282,4.9,12.7,16.5,9.3,4.9
E06000057,2021,15.8,11.6,10.0,15.100000000000001,3.5999999999999996,189.9,30.1,Northumberland,20.0,22.1,14.0,22.079,59056,North East,32.15591980493092,9.4,14.7,14.9,9.7,3.0
E06000057,2022,15.899999999999999,8.1,6.2,17.1,1.9,181.1,28.8,Northumberland,15.6,24.2,10.0,22.079,59056,North East,30.665808723923057,10.0,15.8,15.100000000000001,11.6,3.5999999999999996
E06000057,2023,12.5,11.7,5.8,16.9,2.7,196.7,24.6,Northumberland,16.8,25.9,14.0,22.079,59056,North East,33.3073692766188,6.2,15.899999999999999,17.1,8.1,1.9
E06000057,2024,10.4,11.2,7.1,15.0,4.8,197.5,20.5,Northumberland,20.1,29.1,12.0,22.079,59056,North East,33.44283392034679,5.8,12.5,16.9,11.7,2.7
E06000057,2025,8.8,3.2000000000000006,1.4,14.1,4.6,213.4,18.8,Northumberland,20.0,34.9,13.0,22.079,59056,North East,36.13519371444053,7.1,10.4,15.0,11.2,4.8
E06000058,2017,11.14639091646391,5.31500405515004,4.2801297648012975,14.530251419302514,3.7030008110300083,246.6,27.5,Bournemouth,23.15,27.1,,18.173,74810,South West,32.96350755246625,,,,,
E06000058,2018,15.921771217712177,6.058671586715867,5.080073800738008,17.141451414514144,3.7199261992619927,243.9,38.900000000000006,Bournemouth,20.35,17.299999999999997,,18.173,74810,South West,32.602593236198366,4.2801297648012975,11.14639091646391,14.530251419302514,5.31500405515004,3.7030008110300083
E06000058,2019,10.1,10.1,8.0,16.2,4.1,253.3,25.7,"Bournemouth, Christchurch and Poole",20.9,26.650000000000002,,18.173,74810,South West,33.85910974468654,5.080073800738008,15.921771217712177,17.141451414514144,6.058671586715867,3.7199261992619927
E06000058,2020,10.7,13.4,17.2,14.3,3.7,244.6,26.1,"Bournemouth, Christchurch and Poole",,16.8,,18.173,74810,South West,32.69616361449004,8.0,10.1,16.2,10.1,4.1
E06000058,2021,36.0,27.199999999999996,37.4,14.3,5.7,198.4,71.5,"Bournemouth, Christchurch and Poole",23.1,24.1,10.0,18.173,74810,South West,26.520518647239676,17.2,10.7,14.3,13.4,3.7
E06000058,2022,22.4,32.8,36.6,16.0,5.6,178.3,39.9,"Bournemouth, Christchurch and Poole",26.7,20.0,7.0,18.173,74810,South West,23.833712070578798,37.4,36.0,14.3,27.199999999999996,5.7
E06000058,2023,15.5,29.5,36.7,15.900000000000002,2.7,198.0,30.8,"Bournemouth, Christchurch and Poole",27.8,22.0,3.0,18.173,74810,South West,26.46704985964443,36.6,22.4,16.0,32.8,5.6
E06000058,2024,10.599999999999998,28.599999999999998,33.3,15.3,2.9999999999999996,208.2,22.0,"Bournemouth, Christchurch and Poole",25.2,25.4,11.0,18.173,74810,South West,27.83050394332308,36.7,15.5,15.900000000000002,29.5,2.7
E06000058,2025,12.000000000000002,23.699999999999996,28.3,14.6,2.7,220.3,26.4,"Bournemouth, Christchurch and Poole",22.6,23.8,9.0,18.173,74810,South West,29.447934768079136,33.3,10.599999999999998,15.3,28.599999999999998,2.9999999999999996
E06000059,2017,18.4,10.6,13.099999999999998,15.4,3.3,185.7,34.2,Dorset,26.0,19.9,,15.735,67149,South West,27.654916677835853,,,,,
E06000059,2018,13.2,11.6,9.6,18.0,2.5,198.3,26.2,Dorset,27.7,22.2,,15.735,67149,South West,29.531340749676094,13.099999999999998,18.4,15.4,10.6,3.3
E06000059,2019,13.9,19.1,10.8,17.6,3.0,182.1,25.2,Dorset,27.3,22.5,,15.735,67149,South West,27.11879551445293,9.6,13.2,18.0,11.6,2.5
E06000059,2020,4.6,16.3,15.200000000000001,14.6,4.1,189.5,8.6,Dorset,,30.5,,15.735,67149,South West,28.22082235029561,10.8,13.9,17.6,19.1,3.0
E06000059,2021,12.7,7.6,12.7,14.1,4.4,206.6,26.3,Dorset,20.4,25.1,10.0,15.735,67149,South West,30.7673978763645,15.200000000000001,4.6,14.6,16.3,4.1
E06000059,2022,10.8,13.800000000000002,11.300000000000002,15.3,4.7,212.7,23.0,Dorset,16.8,31.6,10.0,15.735,67149,South West,31.67582540320779,12.7,12.7,14.1,7.6,4.4
E06000059,2023,20.5,21.9,16.0,15.3,4.0,199.6,41.0,Dorset,16.3,20.8,11.0,15.735,67149,South West,29.724940058675482,11.300000000000002,10.8,15.3,13.800000000000002,4.7
E06000059,2024,12.0,19.9,19.1,13.1,3.0,205.1,24.7,Dorset,14.1,29.1,11.0,15.735,67149,South West,30.544014058288283,16.0,20.5,15.3,21.9,4.0
E06000059,2025,7.9,18.8,12.1,13.4,4.7,215.7,17.1,Dorset,14.7,27.5,11.0,15.735,67149,South West,32.12259303936023,19.1,12.0,13.1,19.9,3.0
E06000060,2017,13.700000000000001,14.7,23.0,17.2,0.6,224.6,30.8,Buckinghamshire,32.9,14.3,,10.052,130466,South East,17.21521315898395,,,,,
E06000060,2018,22.4,22.1,15.900000000000002,20.3,3.4000000000000004,218.2,48.8,Buckinghamshire,31.1,18.8,,10.052,130466,South East,16.72466389710729,23.0,13.700000000000001,17.2,14.7,0.6
E06000060,2019,33.7,30.1,30.8,19.6,3.8,197.1,66.4,Buckinghamshire,31.7,20.1,,10.052,130466,South East,15.107384299357687,15.900000000000002,22.4,20.3,22.1,3.4000000000000004
E06000060,2020,15.4,33.3,32.1,17.2,1.7,206.2,31.7,Buckinghamshire,26.1,24.5,,10.052,130466,South East,15.804884031088559,30.8,33.7,19.6,30.1,3.8
E06000060,2021,22.3,24.9,33.4,19.300000000000004,1.3,213.6,47.6,Buckinghamshire,33.0,24.3,10.0,10.052,130466,South East,16.372081615133443,32.1,15.4,17.2,33.3,1.7
E06000060,2022,24.7,26.0,29.2,18.0,3.2,225.2,55.7,Buckinghamshire,32.7,19.4,11.0,10.052,130466,South East,17.261202152284884,33.4,22.3,19.300000000000004,24.9,1.3
E06000060,2023,24.6,25.1,32.8,18.0,4.2,229.8,56.6,Buckinghamshire,39.1,25.8,12.0,10.052,130466,South East,17.613784434258736,29.2,24.7,18.0,26.0,3.2
E06000060,2024,20.9,30.400000000000002,31.3,16.8,3.8000000000000003,203.8,42.6,Buckinghamshire,23.3,28.4,9.0,10.052,130466,South East,15.620928057884814,32.8,24.6,18.0,25.1,4.2
E06000060,2025,10.0,25.4,23.2,18.1,0.6,231.6,23.2,Buckinghamshire,22.8,24.3,10.0,10.052,130466,South East,17.751751414161543,31.3,20.9,16.8,30.400000000000002,3.8000000000000003
E06000061,2017,17.9,52.8,40.9,17.7,1.7,237.6,42.5,Northamptonshire,35.6,26.2,,18.605,83113,East Midlands,28.587585576263642,,,,,
E06000061,2018,16.7,26.699999999999996,25.7,18.7,1.9,307.1,51.2,Northamptonshire,30.2,19.2,,18.605,83113,East Midlands,36.949694993562986,40.9,17.9,17.7,52.8,1.7
E06000061,2019,19.6,28.300000000000004,31.1,18.8,1.9,316.0,61.9,Northamptonshire,29.9,22.6,,18.605,83113,East Midlands,38.02052627146175,25.7,16.7,18.7,26.699999999999996,1.9
E06000061,2020,13.599999999999998,33.6,27.8,17.7,1.2,325.6,44.4,Northamptonshire,32.8,26.2,,18.605,83113,East Midlands,39.17558023413907,31.1,19.6,18.8,28.300000000000004,1.9
E06000062,2017,17.9,52.8,40.9,17.7,1.7,237.6,42.5,Northamptonshire,35.6,26.2,,18.605,96295,East Midlands,24.67417830624643,,,,,
E06000062,2018,16.7,26.699999999999996,25.7,18.7,1.9,307.1,51.2,Northamptonshire,30.2,19.2,,18.605,96295,East Midlands,31.8915831559271,40.9,17.9,17.7,52.8,1.7
E06000062,2019,19.6,28.300000000000004,31.1,18.8,1.9,316.0,61.9,Northamptonshire,29.9,22.6,,18.605,96295,East Midlands,32.8158263668934,25.7,16.7,18.7,26.699999999999996,1.9
E06000062,2020,13.599999999999998,33.6,27.8,17.7,1.2,325.6,44.4,Northamptonshire,32.8,26.2,,18.605,96295,East Midlands,33.81276286411548,31.1,19.6,18.8,28.300000000000004,1.9
E06000063,2017,9.0,18.9,15.7,19.8,2.9,244.5,22.1,Cumbria,22.3,20.3,,21.261,52489,North West,46.58118843948256,,,,,
E06000063,2018,12.6,10.0,9.4,14.3,4.3,243.9,30.7,Cumbria,20.7,21.8,,21.261,52489,North West,46.466878774600396,15.7,9.0,19.8,18.9,2.9
E06000063,2019,7.8,8.7,14.7,17.7,5.3,257.1,20.0,Cumbria,20.9,25.8,,21.261,52489,North West,48.98169140200804,9.4,12.6,14.3,10.0,4.3
E06000063,2020,7.1,14.3,15.7,17.5,4.9,251.7,17.9,Cumbria,20.7,27.0,,21.261,52489,North West,47.95290441806855,14.7,7.8,17.7,8.7,5.3
E06000063,2021,8.4,14.7,14.2,17.0,4.3,247.5,20.9,Cumbria,21.7,21.4,,21.261,52489,North West,47.15273676389339,15.7,7.1,17.5,14.3,4.9
E06000063,2022,7.5,17.7,21.5,15.5,6.6,253.1,19.0,Cumbria,23.5,27.3,,21.261,52489,North West,48.21962696946027,14.2,8.4,17.0,14.7,4.3
E06000063,2023,2.1,23.9,26.3,16.3,5.7,162.9,3.5,Cumberland,22.0,25.8,,21.261,52489,North West,31.035074015508016,21.5,7.5,15.5,17.7,6.6
E06000063,2024,15.799999999999999,24.4,31.2,15.6,3.8,169.7,26.7,Cumberland,10.7,28.0,7.0,21.261,52489,North West,32.33058355083922,26.3,2.1,16.3,23.9,5.7
E06000063,2025,6.800000000000001,27.1,29.4,17.8,4.8,158.8,10.7,Cumberland,22.7,27.6,11.0,21.261,52489,North West,30.253957972146548,31.2,15.799999999999999,15.6,24.4,3.8
E06000064,2017,9.0,18.9,15.7,19.8,2.9,244.5,22.1,Cumbria,22.3,20.3,,21.261,39153,North West,62.447322044287795,,,,,
E06000064,2018,12.6,10.0,9.4,14.3,4.3,243.9,30.7,Cumbria,20.7,21.8,,21.261,39153,North West,62.29407708221593,15.7,9.0,19.8,18.9,2.9
E06000064,2019,7.8,8.7,14.7,17.7,5.3,257.1,20.0,Cumbria,20.9,25.8,,21.261,39153,North West,65.66546624779711,9.4,12.6,14.3,10.0,4.3
E06000064,2020,7.1,14.3,15.7,17.5,4.9,251.7,17.9,Cumbria,20.7,27.0,,21.261,39153,North West,64.28626158915026,14.7,7.8,17.7,8.7,5.3
E06000064,2021,8.4,14.7,14.2,17.0,4.3,247.5,20.9,Cumbria,21.7,21.4,,21.261,39153,North West,63.213546854647156,15.7,7.1,17.5,14.3,4.9
E06000064,2022,7.5,17.7,21.5,15.5,6.6,253.1,19.0,Cumbria,23.5,27.3,,21.261,39153,North West,64.64383316731796,14.2,8.4,17.0,14.7,4.3
E06000064,2023,2.5,25.1,22.1,15.900000000000002,3.2,81.2,2.0,Westmorland and Furness,22.0,25.8,,21.261,39153,North West,20.739151533726663,21.5,7.5,15.5,17.7,6.6
E06000064,2024,8.0,19.1,25.5,19.1,5.5,90.6,7.2,Westmorland and Furness,7.4,24.3,10.0,21.261,39153,North West,23.139989272852652,22.1,2.5,15.900000000000002,25.1,3.2
E06000064,2025,3.1,18.9,25.8,14.8,4.3,97.7,3.0,Westmorland and Furness,16.5,24.7,6.0,21.261,39153,North West,24.95338799070314,25.5,8.0,19.1,19.1,5.5
E06000065,2017,8.2,5.7,0.0,19.7,3.4,259.4,21.3,North Yorkshire,16.0,18.8,,14.762,115721,Yorkshire and The Humber,22.415983270106548,,,,,
E06000065,2018,9.6,7.0,0.0,17.5,1.9,260.0,24.9,North Yorkshire,15.4,19.2,,14.762,115721,Yorkshire and The Humber,22.46783211344527,0.0,8.2,19.7,5.7,3.4
E06000065,2019,13.0,0.8,0.0,16.3,4.4,238.0,31.0,North Yorkshire,17.8,16.7,,14.762,115721,Yorkshire and The Humber,20.56670785769221,0.0,9.6,17.5,7.0,1.9
E06000065,2020,11.4,3.1,0.0,15.7,3.6,288.8,33.1,North Yorkshire,16.1,26.1,,14.762,115721,Yorkshire and The Humber,24.956576593703822,0.0,13.0,16.3,0.8,4.4
E06000065,2021,17.4,2.4,0.0,15.399999999999999,2.5,281.9,49.1,North Yorkshire,15.6,26.3,7.0,14.762,115721,Yorkshire and The Humber,24.36031489530854,0.0,11.4,15.7,3.1,3.6
E06000065,2022,14.5,7.7,0.0,16.7,2.7,263.2,38.2,North Yorkshire,15.9,19.3,11.0,14.762,115721,Yorkshire and The Humber,22.74435927791844,0.0,17.4,15.399999999999999,2.4,2.5
E06000065,2023,10.6,2.7,0.7,18.8,0.4,285.7,30.4,North Yorkshire,17.0,21.2,10.0,14.762,115721,Yorkshire and The Humber,24.68869090312044,0.0,14.5,16.7,7.7,2.7
E06000065,2024,11.2,3.7000000000000006,0.0,18.5,2.7,311.4,34.9,North Yorkshire,19.8,25.0,12.0,14.762,115721,Yorkshire and The Humber,26.9095496927956,0.7,10.6,18.8,2.7,0.4
E06000065,2025,12.700000000000001,2.4,1.5,18.2,3.2,322.9,40.9,North Yorkshire,19.8,25.1,14.0,14.762,115721,Yorkshire and The Humber,27.903319190121064,0.0,11.2,18.5,3.7000000000000006,2.7
E06000066,2017,8.1,21.3,20.0,13.3,2.8,252.5,20.4,Somerset,19.9,19.3,,18.553,113024,South West,22.340387882219705,,,,,
E06000066,2018,27.5,25.7,16.9,15.3,1.8,233.2,64.1,Somerset,21.4,21.1,,18.553,113024,South West,20.63278595696489,20.0,8.1,13.3,21.3,2.8
E06000066,2019,18.9,13.6,9.0,13.7,2.6,222.5,42.0,Somerset,23.9,20.3,,18.553,113024,South West,19.68608437146093,16.9,27.5,15.3,25.7,1.8
E06000066,2020,7.4,15.7,10.7,13.9,2.5,251.1,18.5,Somerset,19.8,27.0,,18.553,113024,South West,22.216520385050963,9.0,18.9,13.7,13.6,2.6
E06000066,2021,9.1,10.3,8.4,11.8,2.3,270.8,24.6,Somerset,20.2,27.3,11.0,18.553,113024,South West,23.95951302378256,10.7,7.4,13.9,15.7,2.5
E06000066,2022,19.1,13.9,9.0,13.5,1.7,260.1,49.8,Somerset,20.1,19.3,15.0,18.553,113024,South West,23.0128114382786,8.4,9.1,11.8,10.3,2.3
E06000066,2023,17.5,12.5,9.5,15.0,3.3,265.1,46.4,Somerset,21.4,19.9,16.0,18.553,113024,South West,23.455195356738393,9.0,19.1,13.5,13.9,1.7
E06000066,2024,18.7,16.7,11.0,16.4,3.3,260.1,48.6,Somerset,23.0,23.3,13.0,18.553,113024,South West,23.0128114382786,9.5,17.5,15.0,12.5,3.3
E06000066,2025,11.9,14.900000000000002,10.2,15.199999999999998,2.8,279.3,33.1,Somerset,22.1,19.5,18.0,18.553,113024,South West,24.711565685164214,11.0,18.7,16.4,16.7,3.3
E08000001,2017,10.0,6.6,4.1,19.6,5.2,184.8,18.4,Bolton,20.3,19.8,,30.691,75599,North West,24.444767787933706,,,,,
E08000001,2018,12.200000000000001,6.4,5.7,19.8,4.5,180.8,22.0,Bolton,20.4,20.4,,30.691,75599,North West,23.915660260056352,4.1,10.0,19.6,6.6,5.2
E08000001,2019,15.2,8.2,18.5,18.0,5.1,179.1,27.2,Bolton,22.0,16.9,,30.691,75599,North West,23.69078956070847,5.7,12.200000000000001,19.8,6.4,4.5
E08000001,2020,18.9,12.8,23.1,20.3,3.4,163.3,30.9,Bolton,22.4,20.7,,30.691,75599,North West,21.60081482559293,18.5,15.2,18.0,8.2,5.1
E08000001,2021,18.6,21.1,19.8,21.5,3.7,160.9,29.9,Bolton,26.5,16.4,6.0,30.691,75599,North West,21.28335030886652,23.1,18.9,20.3,12.8,3.4
E08000001,2022,22.6,21.0,17.9,20.4,7.000000000000001,147.1,33.2,Bolton,26.4,23.2,7.0,30.691,75599,North West,19.457929337689652,19.8,18.6,21.5,21.1,3.7
E08000001,2023,16.0,16.7,21.3,20.2,3.3,159.2,25.4,Bolton,25.7,19.9,9.0,30.691,75599,North West,21.058479609518642,17.9,22.6,20.4,21.0,7.000000000000001
E08000001,2024,15.2,21.4,24.0,20.2,4.4,157.9,24.0,Bolton,24.3,29.6,10.0,30.691,75599,North West,20.886519662958506,21.3,16.0,20.2,16.7,3.3
E08000001,2025,21.1,16.5,25.3,20.8,4.3,162.5,34.3,Bolton,20.5,30.7,12.0,30.691,75599,North West,21.49499332001746,24.0,15.2,20.2,21.4,4.4
E08000002,2017,12.3,12.5,5.6,20.5,4.3,118.8,14.6,Bury,23.0,22.9,,23.682,44768,North West,26.536812008577556,,,,,
E08000002,2018,16.7,24.7,15.0,20.2,4.8,112.9,18.9,Bury,25.4,17.8,,23.682,44768,North West,25.218906361686923,5.6,12.3,20.5,12.5,4.3
E08000002,2019,17.7,26.1,14.0,17.6,4.0,104.6,18.5,Bury,29.0,18.6,,23.682,44768,North West,23.36490350250179,15.0,16.7,20.2,24.7,4.8
E08000002,2020,8.8,20.399999999999995,23.100000000000005,19.899999999999995,0.6999999999999998,113.5,10.0,Bury,30.5,31.0,,23.682,44768,North West,25.352930664760542,14.0,17.7,17.6,26.1,4.0
E08000002,2021,22.1,31.0,30.4,18.9,2.5,102.4,22.6,Bury,22.2,27.6,10.0,23.682,44768,North West,22.873481057898502,23.100000000000005,8.8,19.899999999999995,20.399999999999995,0.6999999999999998
E08000002,2022,21.5,47.9,27.5,16.0,3.3,103.8,22.3,Bury,23.9,26.0,10.0,23.682,44768,North West,23.186204431736957,30.4,22.1,18.9,31.0,2.5
E08000002,2023,17.1,30.7,34.3,17.1,7.5,111.9,19.2,Bury,34.1,14.5,11.0,23.682,44768,North West,24.99553252323088,27.5,21.5,16.0,47.9,3.3
E08000002,2024,26.2,31.5,31.5,15.0,4.0,120.5,31.6,Bury,25.8,18.2,9.0,23.682,44768,North West,26.916547533952823,34.3,17.1,17.1,30.7,7.5
E08000002,2025,14.5,25.4,24.2,14.899999999999999,3.0,150.1,21.8,Bury,26.0,27.6,6.0,23.682,44768,North West,33.52841315225161,31.5,26.2,15.0,31.5,4.0
E08000003,2017,8.1,25.8,14.7,19.1,3.0,438.3,35.5,Manchester,26.3,18.8,,40.005,131831,North West,33.24711183257352,,,,,
E08000003,2018,19.4,17.0,11.0,19.6,3.5,420.1,81.7,Manchester,25.6,24.5,,40.005,131831,North West,31.866556424513206,14.7,8.1,19.1,25.8,3.0
E08000003,2019,14.2,16.5,5.0,19.1,2.5,440.1,62.7,Manchester,27.5,21.0,,40.005,131831,North West,33.383650279524545,11.0,19.4,19.6,17.0,3.5
E08000003,2020,17.5,17.3,5.7,17.8,3.2000000000000006,431.5,75.3,Manchester,19.6,25.1,,40.005,131831,North West,32.73129992186967,5.0,14.2,19.1,16.5,2.5
E08000003,2021,15.5,7.5,3.0999999999999996,17.3,3.0,443.8,69.0,Manchester,19.3,22.4,8.0,40.005,131831,North West,33.664312642701645,5.7,17.5,17.8,17.3,3.2000000000000006
E08000003,2022,0.0,11.8,8.4,16.7,4.0,415.0,0.0,Manchester,22.3,25.1,10.0,40.005,131831,North West,31.47969749148531,3.0999999999999996,15.5,17.3,7.5,3.0
E08000003,2023,22.5,10.0,8.9,16.0,3.6,421.3,94.6,Manchester,19.5,24.9,10.0,40.005,131831,North West,31.957582055813884,8.4,0.0,16.7,11.8,4.0
E08000003,2024,11.9,10.9,8.7,15.9,3.8,449.6,53.4,Manchester,18.7,20.5,11.0,40.005,131831,North West,34.10426986065493,8.9,22.5,16.0,10.0,3.6
E08000003,2025,13.199999999999998,11.7,5.9,14.7,4.5,476.1,63.0,Manchester,18.4,21.4,12.0,40.005,131831,North West,36.11441921854496,8.7,11.9,15.9,10.9,3.8
E08000004,2017,9.4,1.8,18.0,21.0,1.0,159.2,15.0,Oldham,14.4,20.3,,33.155,64069,North West,24.848210523029856,,,,,
E08000004,2018,14.499999999999998,11.0,21.7,17.6,1.8,177.2,25.7,Oldham,21.5,18.0,,33.155,64069,North West,27.6576815620659,18.0,9.4,21.0,1.8,1.0
E08000004,2019,16.6,6.7,11.2,16.7,2.6,182.2,30.3,Oldham,25.7,19.3,,33.155,64069,North West,28.438090184020353,21.7,14.499999999999998,17.6,11.0,1.8
E08000004,2020,16.0,14.8,13.999999999999998,16.1,2.5,185.4,29.6,Oldham,23.6,18.8,,33.155,64069,North West,28.937551702071204,11.2,16.6,16.7,6.7,2.6
E08000004,2021,16.8,28.000000000000004,25.0,17.2,3.7,179.6,30.2,Oldham,22.8,20.9,9.0,33.155,64069,North West,28.032277700604038,13.999999999999998,16.0,16.1,14.8,2.5
E08000004,2022,0.0,33.2,9.8,26.9,5.2,147.0,0.0,Oldham,20.8,27.4,10.0,33.155,64069,North West,22.94401348546099,25.0,16.8,17.2,28.000000000000004,3.7
E08000004,2023,21.3,44.6,42.8,16.4,4.4,161.9,34.5,Oldham,27.8,25.0,11.0,33.155,64069,North West,25.269631178885263,9.8,0.0,26.9,33.2,5.2
E08000004,2024,18.3,38.7,32.3,19.2,3.0999999999999996,169.8,31.0,Oldham,25.3,22.1,8.0,33.155,64069,North West,26.502676801573305,42.8,21.3,16.4,44.6,4.4
E08000004,2025,14.2,17.7,15.2,17.7,2.4,217.3,30.8,Oldham,21.1,31.5,11.0,33.155,64069,North West,33.916558710140635,32.3,18.3,19.2,38.7,3.0999999999999996
E08000005,2017,19.2,11.6,9.1,17.5,1.8,160.1,30.8,Rochdale,16.3,11.1,,34.415,58087,North West,27.56210511818479,,,,,
E08000005,2018,18.1,12.0,13.4,18.4,2.4,158.7,28.7,Rochdale,16.9,20.4,,34.415,58087,North West,27.321087334515465,9.1,19.2,17.5,11.6,1.8
E08000005,2019,20.7,9.5,18.7,18.6,2.7,156.8,32.5,Rochdale,15.9,18.9,,34.415,58087,North West,26.993991770964247,13.4,18.1,18.4,12.0,2.4
E08000005,2020,9.1,6.6000000000000005,14.700000000000001,17.8,1.7,169.5,15.4,Rochdale,23.2,17.6,,34.415,58087,North West,29.180367379964537,18.7,20.7,18.6,9.5,2.7
E08000005,2021,13.5,11.9,19.0,19.0,1.1,162.5,22.0,Rochdale,26.6,14.9,5.0,34.415,58087,North West,27.97527846161792,14.700000000000001,9.1,17.8,6.6000000000000005,1.7
E08000005,2022,30.0,26.2,25.5,21.0,3.2,149.4,44.8,Rochdale,29.4,17.7,6.0,34.415,58087,North West,25.720040628712106,19.0,13.5,19.0,11.9,1.1
E08000005,2023,22.1,28.7,23.2,19.5,1.8999999999999997,155.9,34.4,Rochdale,23.1,25.2,7.0,34.415,58087,North West,26.83905176717682,25.5,30.0,21.0,26.2,3.2
E08000005,2024,13.7,12.7,20.3,16.6,2.6,195.8,26.8,Rochdale,24.1,32.1,7.0,34.415,58087,North West,33.70805860175255,23.2,22.1,19.5,28.7,1.8999999999999997
E08000005,2025,16.6,15.7,15.7,15.4,3.5,209.1,34.8,Rochdale,17.2,20.1,8.0,34.415,58087,North West,35.99772754661112,20.3,13.7,16.6,12.7,2.6
E08000006,2017,12.9,3.3,8.0,23.100000000000005,3.7,206.7,26.6,Salford,22.7,24.2,,34.21,63622,North West,32.48876174908051,,,,,
E08000006,2018,14.5,3.3,12.8,22.3,4.8,204.1,29.7,Salford,24.6,28.9,,34.21,63622,North West,32.08009807928075,8.0,12.9,23.100000000000005,3.3,3.7
E08000006,2019,13.300000000000002,5.1000000000000005,7.8,21.8,4.8,224.4,29.9,Salford,22.6,24.4,,34.21,63622,North West,35.270818270409606,12.8,14.5,22.3,3.3,4.8
E08000006,2020,11.1,9.6,9.6,20.8,5.299999999999999,225.3,25.1,Salford,20.3,23.9,,34.21,63622,North West,35.41227877149414,7.8,13.300000000000002,21.8,5.1000000000000005,4.8
E08000006,2021,21.8,9.9,9.9,20.7,5.9,228.8,49.9,Salford,15.3,19.7,10.0,34.21,63622,North West,35.962402942378425,9.6,11.1,20.8,9.6,5.299999999999999
E08000006,2022,21.4,14.5,11.7,17.3,5.0,218.0,46.7,Salford,16.7,28.0,11.0,34.21,63622,North West,34.26487692936406,9.9,21.8,20.7,9.9,5.9
E08000006,2023,22.3,19.2,23.1,17.4,4.4,206.2,46.0,Salford,21.0,28.9,11.0,34.21,63622,North West,32.41017258181132,11.7,21.4,17.3,14.5,5.0
E08000006,2024,13.9,9.5,11.6,16.9,3.0,229.6,32.0,Salford,25.4,20.3,11.0,34.21,63622,North West,36.088145610009114,23.1,22.3,17.4,19.2,4.4
E08000006,2025,10.3,5.2,6.3,17.5,3.3,254.2,26.1,Salford,23.4,17.6,9.0,34.21,63622,North West,39.95473263965295,11.6,13.9,16.9,9.5,3.0
E08000007,2017,16.4,1.2,7.2,20.2,4.0,165.3,27.1,Stockport,20.8,14.0,,20.826,64910,North West,25.46602988753659,,,,,
E08000007,2018,10.2,7.5,7.5,20.4,2.6,194.3,19.8,Stockport,21.0,19.5,,20.826,64910,North West,29.933754429209678,7.2,16.4,20.2,1.2,4.0
E08000007,2019,7.300000000000001,9.6,8.5,18.4,3.6,216.2,15.7,Stockport,24.3,21.5,,20.826,64910,North West,33.30765675550762,7.5,10.2,20.4,7.5,2.6
E08000007,2020,8.1,7.3,5.8,20.1,3.4,229.0,18.6,Stockport,20.8,21.1,,20.826,64910,North West,35.27961793252195,8.5,7.300000000000001,18.4,9.6,3.6
E08000007,2021,8.1,4.0,6.9,21.8,3.4,237.5,19.2,Stockport,18.9,27.1,13.0,20.826,64910,North West,36.58912340163303,5.8,8.1,20.1,7.3,3.4
E08000007,2022,14.6,2.8,8.2,18.7,4.2,246.9,35.9,Stockport,19.3,24.4,13.0,20.826,64910,North West,38.037282391002925,6.9,8.1,21.8,4.0,3.4
E08000007,2023,7.3,7.0,7.7,18.7,4.2,264.1,19.4,Stockport,22.3,26.2,13.0,20.826,64910,North West,40.68710522261593,8.2,14.6,18.7,2.8,4.2
E08000007,2024,9.2,6.9,7.300000000000001,19.2,3.7,281.6,25.9,Stockport,20.9,19.0,11.0,20.826,64910,North West,43.38314589431521,7.7,7.3,18.7,7.0,4.2
E08000007,2025,10.0,5.7,10.5,19.2,5.5,295.7,29.5,Stockport,21.5,28.0,12.0,20.826,64910,North West,45.55538437837005,7.300000000000001,9.2,19.2,6.9,3.7
E08000008,2017,14.3,3.3,41.3,19.8,1.6,116.7,16.7,Tameside,14.6,16.0,,31.374,52901,North West,22.060074478743314,,,,,
E08000008,2018,31.0,35.7,44.6,17.9,2.6,113.3,35.1,Tameside,28.1,8.9,,31.374,52901,North West,21.41736451106784,41.3,14.3,19.8,3.3,1.6
E08000008,2019,9.8,17.0,23.2,17.8,1.5,168.6,16.5,Tameside,25.7,21.1,,31.374,52901,North West,31.870853102965913,44.6,31.0,17.9,35.7,2.6
E08000008,2020,22.1,18.6,23.4,18.0,1.3,173.2,38.3,Tameside,21.4,19.2,,31.374,52901,North West,32.740401882762136,23.2,9.8,17.8,17.0,1.5
E08000008,2021,22.0,21.7,19.8,19.0,2.9,178.8,39.3,Tameside,15.6,20.2,9.0,31.374,52901,North West,33.798983005992326,23.4,22.1,18.0,18.6,1.3
E08000008,2022,27.900000000000002,18.5,20.1,16.2,1.1,171.3,47.8,Tameside,19.8,18.4,5.0,31.374,52901,North West,32.38124043023761,19.8,22.0,19.0,21.7,2.9
E08000008,2023,27.499999999999996,28.5,24.3,16.8,2.6,174.3,47.9,Tameside,27.3,20.0,11.0,31.374,52901,North West,32.9483374605395,20.1,27.900000000000002,16.2,18.5,1.1
E08000008,2024,41.2,50.9,44.2,14.299999999999999,2.9,146.4,60.3,Tameside,22.3,25.1,8.0,31.374,52901,North West,27.67433507873197,24.3,27.499999999999996,16.8,28.5,2.6
E08000008,2025,18.3,34.3,31.3,18.9,2.7,162.5,29.7,Tameside,27.7,21.6,6.0,31.374,52901,North West,30.71775580801875,44.2,41.2,14.299999999999999,50.9,2.9
E08000009,2017,14.0,30.7,11.8,16.5,4.2,119.2,16.7,Trafford,23.8,19.3,,16.088,56737,North West,21.009217970636445,,,,,
E08000009,2018,10.6,3.8,3.8,19.6,4.2,125.0,13.2,Trafford,25.9,29.1,,16.088,56737,North West,22.03147857659023,11.8,14.0,16.5,30.7,4.2
E08000009,2019,13.2,13.5,13.5,18.8,3.6,134.9,17.8,Trafford,26.9,28.9,,16.088,56737,North West,23.776371679856176,3.8,10.6,19.6,3.8,4.2
E08000009,2020,0.9,26.0,25.8,16.3,3.2,114.1,1.0,Trafford,31.8,19.7,,16.088,56737,North West,20.11033364471156,13.5,13.2,18.8,13.5,3.6
E08000009,2021,1.1,25.0,40.4,16.5,3.0999999999999996,93.6,1.0,Trafford,17.2,30.0,9.0,16.088,56737,North West,16.497171158150763,25.8,0.9,16.3,26.0,3.2
E08000009,2022,24.6,31.3,39.1,13.5,1.8,97.7,24.0,Trafford,21.4,23.3,5.0,16.088,56737,North West,17.219803655462925,40.4,1.1,16.5,25.0,3.0999999999999996
E08000009,2023,23.2,31.5,40.9,16.3,3.0,93.8,21.8,Trafford,19.9,23.5,6.0,16.088,56737,North West,16.53242152387331,39.1,24.6,13.5,31.3,1.8
E08000009,2024,19.8,31.700000000000003,39.3,13.699999999999998,2.8,99.7,19.7,Trafford,20.4,39.8,5.0,16.088,56737,North West,17.57230731268837,40.9,23.2,16.3,31.5,3.0
E08000009,2025,15.6,32.6,29.0,14.3,1.7,105.3,16.4,Trafford,18.0,27.5,6.0,16.088,56737,North West,18.55931755291961,39.3,19.8,13.699999999999998,31.700000000000003,2.8
E08000010,2017,13.8,4.7,0.0,18.3,3.2999999999999994,182.2,25.1,Wigan,22.9,18.6,,25.713,71697,North West,25.41249982565519,,,,,
E08000010,2018,9.3,3.0,0.0,14.4,3.4,194.5,18.0,Wigan,24.0,21.4,,25.713,71697,North West,27.128052777661548,0.0,13.8,18.3,4.7,3.2999999999999994
E08000010,2019,9.7,5.7,0.0,15.799999999999999,5.8,164.8,16.0,Wigan,24.1,23.8,,25.713,71697,North West,22.985620039890094,0.0,9.3,14.4,3.0,3.4
E08000010,2020,20.6,19.6,24.1,16.7,4.5,176.4,36.3,Wigan,21.6,26.7,,25.713,71697,North West,24.603539897066824,0.0,9.7,15.799999999999999,5.7,5.8
E08000010,2021,11.7,25.4,24.3,17.1,3.4,209.0,24.4,Wigan,30.3,26.5,9.0,25.713,71697,North West,29.15045259913246,24.1,20.6,16.7,19.6,4.5
E08000010,2022,21.2,25.0,23.5,18.2,4.4,212.0,44.9,Wigan,24.5,23.7,11.0,25.713,71697,North West,29.568880148402307,24.3,11.7,17.1,25.4,3.4
E08000010,2023,11.7,17.2,21.4,14.9,5.3,245.5,28.6,Wigan,23.7,27.3,8.0,25.713,71697,North West,34.241321115248894,23.5,21.2,18.2,25.0,4.4
E08000010,2024,16.8,12.7,15.3,14.0,5.0,277.5,46.6,Wigan,24.4,27.8,8.0,25.713,71697,North West,38.70454830746056,21.4,11.7,14.9,17.2,5.3
E08000010,2025,14.5,6.5,15.599999999999998,15.8,3.6000000000000005,286.0,41.5,Wigan,19.7,22.2,9.0,25.713,71697,North West,39.89009303039179,15.3,16.8,14.0,12.7,5.0
E08000011,2017,14.6,0.9,0.9,16.9,3.0000000000000004,109.9,16.0,Knowsley,30.3,13.0,,43.006,36039,North West,30.494741807486335,,,,,
E08000011,2018,13.1,0.9,0.9,17.0,2.6,107.0,14.0,Knowsley,20.9,24.0,,43.006,36039,North West,29.6900579927301,0.9,14.6,16.9,0.9,3.0000000000000004
E08000011,2019,7.8,0.0,0.0,17.9,3.9,122.0,9.5,Knowsley,15.0,17.5,,43.006,36039,North West,33.852215655262356,0.9,13.1,17.0,0.9,2.6
E08000011,2020,18.6,8.5,9.2,16.6,3.9,118.4,22.0,Knowsley,16.1,16.6,,43.006,36039,North West,32.85329781625462,0.0,7.8,17.9,0.0,3.9
E08000011,2021,23.9,17.6,11.0,18.1,3.5,104.9,25.1,Knowsley,19.0,25.8,6.0,43.006,36039,North West,29.107355919975586,9.2,18.6,16.6,8.5,3.9
E08000011,2022,20.300000000000004,20.9,14.6,17.3,3.3,110.8,22.5,Knowsley,19.4,18.1,8.0,43.006,36039,North West,30.744471267238268,11.0,23.9,18.1,17.6,3.5
E08000011,2023,19.0,16.2,12.7,19.2,3.7,118.5,22.5,Knowsley,15.6,25.1,8.0,43.006,36039,North West,32.88104553400483,14.6,20.300000000000004,17.3,20.9,3.3
E08000011,2024,24.6,21.9,21.2,16.2,3.6,114.0,28.0,Knowsley,13.1,24.4,6.0,43.006,36039,North West,31.63239823524515,12.7,19.0,19.2,16.2,3.7
E08000011,2025,24.3,23.6,31.5,16.9,3.2,117.6,28.6,Knowsley,15.5,27.8,7.0,43.006,36039,North West,32.631316074252894,21.2,24.6,16.2,21.9,3.6
E08000012,2017,11.7,5.3999999999999995,10.699999999999998,22.3,5.3,209.3,24.5,Liverpool,26.1,13.1,,42.412,97802,North West,21.400380360319833,,,,,
E08000012,2018,13.8,15.500000000000002,15.3,21.9,6.299999999999999,204.9,28.3,Liverpool,27.7,15.9,,42.412,97802,North West,20.950491809983436,10.699999999999998,11.7,22.3,5.3999999999999995,5.3
E08000012,2019,8.0,20.9,16.9,22.600000000000005,4.2,230.4,18.5,Liverpool,24.6,16.6,,42.412,97802,North West,23.557800453978448,15.3,13.8,21.9,15.500000000000002,6.299999999999999
E08000012,2020,5.0,11.4,10.3,22.8,4.2,279.1,14.0,Liverpool,23.2,19.0,,42.412,97802,North West,28.5372487270199,16.9,8.0,22.600000000000005,20.9,4.2
E08000012,2021,10.9,11.5,9.5,24.3,5.8,324.6,35.5,Liverpool,25.8,20.9,7.0,42.412,97802,North West,33.18950532708943,10.3,5.0,22.8,11.4,4.2
E08000012,2022,19.6,18.7,18.2,21.4,5.4,260.3,51.0,Liverpool,21.8,21.0,8.0,42.412,97802,North West,26.614997648309853,9.5,10.9,24.3,11.5,5.8
E08000012,2023,11.2,14.6,17.5,20.1,3.2,286.9,32.0,Liverpool,24.1,20.8,8.0,42.412,97802,North West,29.334778429888956,18.2,19.6,21.4,18.7,5.4
E08000012,2024,19.7,21.8,17.3,20.3,5.8,269.6,53.0,Liverpool,23.9,25.6,8.0,42.412,97802,North West,27.565898447884503,17.5,11.2,20.1,14.6,3.2
E08000012,2025,7.4,24.5,28.5,10.1,4.2,323.5,23.8,Liverpool,30.5,16.0,7.0,42.412,97802,North West,33.07703318950533,17.3,19.7,20.3,21.8,5.8
E08000013,2017,10.1,8.5,5.9,22.7,3.8,128.3,13.0,St. Helens,16.8,23.5,,31.518,37608,North West,34.11508189746863,,,,,
E08000013,2018,8.7,7.2,8.1,21.3,2.3,136.9,11.9,St. Helens,18.5,9.9,,31.518,37608,North West,36.40182939800042,5.9,10.1,22.7,8.5,3.8
E08000013,2019,27.7,25.2,28.2,19.7,3.2,124.9,34.6,St. Helens,16.2,19.8,,31.518,37608,North West,33.2110189321421,8.1,8.7,21.3,7.2,2.3
E08000013,2020,8.4,13.6,18.0,16.0,2.8,155.2,13.0,St. Helens,23.5,26.0,,31.518,37608,North West,41.26781535843437,28.2,27.7,19.7,25.2,3.2
E08000013,2021,24.3,19.6,17.3,18.3,5.3,143.3,34.8,St. Helens,28.0,25.7,6.0,31.518,37608,North West,38.10359497979154,18.0,8.4,16.0,13.6,2.8
E08000013,2022,20.5,32.5,25.2,14.4,4.9,137.3,28.1,St. Helens,22.0,27.3,10.0,31.518,37608,North West,36.50818974686237,17.3,24.3,18.3,19.6,5.3
E08000013,2023,14.0,27.7,29.5,15.099999999999998,3.7,143.3,20.0,St. Helens,23.3,23.1,9.0,31.518,37608,North West,38.10359497979154,25.2,20.5,14.4,32.5,4.9
E08000013,2024,9.3,15.4,23.0,15.4,2.6,154.4,14.3,St. Helens,23.3,26.5,6.0,31.518,37608,North West,41.055094660710495,29.5,14.0,15.099999999999998,27.7,3.7
E08000013,2025,10.8,14.7,19.5,15.5,3.7999999999999994,162.7,17.6,St. Helens,19.8,26.8,9.0,31.518,37608,North West,43.26207189959583,23.0,9.3,15.4,15.4,2.6
E08000014,2017,12.9,19.2,4.2,21.7,4.0,136.4,17.6,Sefton,22.6,21.4,,27.035,54760,North West,24.908692476260043,,,,,
E08000014,2018,17.9,6.1,6.7,25.0,6.7,137.6,24.6,Sefton,17.1,27.1,,27.035,54760,North West,25.127830533235937,4.2,12.9,21.7,19.2,4.0
E08000014,2019,15.5,7.3,9.7,22.1,4.6,139.0,21.5,Sefton,18.9,24.7,,27.035,54760,North West,25.383491599707813,6.7,17.9,25.0,6.1,6.7
E08000014,2020,14.3,10.1,10.9,20.4,7.699999999999999,143.1,20.4,Sefton,16.9,21.9,,27.035,54760,North West,26.132213294375457,9.7,15.5,22.1,7.3,4.6
E08000014,2021,10.1,10.9,19.8,21.3,5.7,155.2,15.6,Sefton,17.2,21.1,9.0,27.035,54760,North West,28.341855368882396,10.9,14.3,20.4,10.1,7.699999999999999
E08000014,2022,20.2,43.1,34.7,18.9,0.5,152.1,30.8,Sefton,19.8,20.5,9.0,27.035,54760,North West,27.775748721694665,19.8,10.1,21.3,10.9,5.7
E08000014,2023,11.999999999999998,16.8,38.1,12.299999999999999,,178.7,21.5,Sefton,26.5,18.0,8.0,27.035,54760,North West,32.63330898466033,34.7,20.2,18.9,43.1,0.5
E08000014,2024,19.2,19.0,32.6,15.1,6.6,179.4,34.5,Sefton,23.4,21.8,9.0,27.035,54760,North West,32.761139517896275,38.1,11.999999999999998,12.299999999999999,16.8,
E08000014,2025,15.0,31.5,24.599999999999998,15.9,6.299999999999999,187.4,28.2,Sefton,26.2,25.4,10.0,27.035,54760,North West,34.222059897735576,32.6,19.2,15.1,19.0,6.6
E08000015,2017,11.4,23.3,29.1,16.2,5.1,184.8,21.0,Wirral,21.0,22.8,,29.589,66223,North West,27.9057125167993,,,,,
E08000015,2018,9.7,29.1,21.8,17.3,4.9,212.3,20.6,Wirral,18.6,20.9,,29.589,66223,North West,32.058348307989675,29.1,11.4,16.2,23.3,5.1
E08000015,2019,10.199999999999998,12.7,17.1,15.5,5.3,227.7,23.2,Wirral,24.6,28.3,,29.589,66223,North West,34.38382435105628,21.8,9.7,17.3,29.1,4.9
E08000015,2020,8.2,21.7,13.8,13.9,5.2,231.2,18.9,Wirral,27.6,19.4,,29.589,66223,North West,34.912341633571415,17.1,10.199999999999998,15.5,12.7,5.3
E08000015,2021,14.7,16.9,15.6,15.6,5.6000000000000005,237.4,35.0,Wirral,23.5,28.7,10.0,29.589,66223,North West,35.84857224831252,13.8,8.2,13.9,21.7,5.2
E08000015,2022,18.0,20.7,16.9,16.1,4.3,211.7,38.1,Wirral,21.5,23.0,8.0,29.589,66223,North West,31.967745345272785,15.6,14.7,15.6,16.9,5.6000000000000005
E08000015,2023,9.5,18.2,16.4,16.6,4.6,223.5,21.2,Wirral,23.3,31.4,10.0,29.589,66223,North West,33.749603612038115,16.9,18.0,16.1,20.7,4.3
E08000015,2024,11.8,17.3,18.9,15.2,3.8999999999999995,227.9,26.8,Wirral,23.1,21.9,9.0,29.589,66223,North West,34.41402533862857,16.4,9.5,16.6,18.2,4.6
E08000015,2025,6.9,14.5,12.3,14.8,3.8,242.6,16.7,Wirral,22.2,21.5,9.0,29.589,66223,North West,36.633797925192155,18.9,11.8,15.2,17.3,3.8999999999999995
E08000016,2017,6.4,7.2,0.0,20.1,2.7,129.6,8.3,Barnsley,18.8,10.4,,29.933,51799,Yorkshire and The Humber,25.019788026795883,,,,,
E08000016,2018,14.0,5.2,0.0,19.6,2.1,135.3,19.0,Barnsley,16.8,8.0,,29.933,51799,Yorkshire and The Humber,26.120195370567,0.0,6.4,20.1,7.2,2.7
E08000016,2019,18.5,7.0,0.0,19.3,3.3,132.5,24.5,Barnsley,19.1,8.8,,29.933,51799,Yorkshire and The Humber,25.57964439467943,0.0,14.0,19.6,5.2,2.1
E08000016,2020,13.1,11.6,0.0,21.8,3.3,144.9,19.0,Barnsley,16.8,16.0,,29.933,51799,Yorkshire and The Humber,27.973513002181512,0.0,18.5,19.3,7.0,3.3
E08000016,2021,15.599999999999998,15.699999999999998,0.7,24.1,4.7,150.6,23.5,Barnsley,15.4,19.7,5.0,29.933,51799,Yorkshire and The Humber,29.073920345952622,0.0,13.1,21.8,11.6,3.3
E08000016,2022,25.4,23.8,14.3,19.1,5.8,137.8,35.0,Barnsley,18.2,18.5,11.0,29.933,51799,Yorkshire and The Humber,26.60283017046661,0.7,15.599999999999998,24.1,15.699999999999998,4.7
E08000016,2023,16.8,15.7,28.1,14.1,4.5,166.0,27.9,Barnsley,19.2,19.0,11.0,29.933,51799,Yorkshire and The Humber,32.04695071333423,14.3,25.4,19.1,23.8,5.8
E08000016,2024,17.4,8.4,19.2,16.2,3.4,185.0,32.1,Barnsley,22.4,29.7,12.0,29.933,51799,Yorkshire and The Humber,35.71497519257129,28.1,16.8,14.1,15.7,4.5
E08000016,2025,8.0,5.900000000000001,13.0,15.200000000000001,4.4,208.2,16.6,Barnsley,25.5,28.2,14.0,29.933,51799,Yorkshire and The Humber,40.19382613563968,19.2,17.4,16.2,8.4,3.4
E08000017,2017,9.9,13.6,19.6,17.3,2.4,191.2,19.0,Doncaster,27.1,16.1,,30.289,68271,Yorkshire and The Humber,28.00603477318334,,,,,
E08000017,2018,13.2,13.2,12.3,19.2,2.6,197.5,26.1,Doncaster,25.5,24.0,,30.289,68271,Yorkshire and The Humber,28.928827759956643,19.6,9.9,17.3,13.6,2.4
E08000017,2019,19.4,14.7,9.5,17.4,1.9,197.1,38.3,Doncaster,27.0,16.7,,30.289,68271,Yorkshire and The Humber,28.8702377290504,12.3,13.2,19.2,13.2,2.6
E08000017,2020,19.3,17.5,16.8,18.7,3.3999999999999995,192.6,37.1,Doncaster,27.6,22.0,,30.289,68271,Yorkshire and The Humber,28.21109988135519,9.5,19.4,17.4,14.7,1.9
E08000017,2021,16.1,17.9,16.2,17.8,3.8,190.9,30.8,Doncaster,25.4,23.4,7.0,30.289,68271,Yorkshire and The Humber,27.962092250003664,16.8,19.3,18.7,17.5,3.3999999999999995
E08000017,2022,12.8,22.7,20.8,17.7,2.9,197.5,25.2,Doncaster,7.0,,7.0,30.289,68271,Yorkshire and The Humber,28.928827759956643,16.2,16.1,17.8,17.9,3.8
E08000017,2023,20.5,24.0,20.4,19.2,1.5,180.1,36.9,Doncaster,25.2,21.3,9.0,30.289,68271,Yorkshire and The Humber,26.380161415535145,20.8,12.8,17.7,22.7,2.9
E08000017,2024,10.6,17.3,20.0,15.6,4.5,196.0,20.8,Doncaster,30.3,22.2,10.0,30.289,68271,Yorkshire and The Humber,28.709115144058238,20.4,20.5,19.2,24.0,1.5
E08000017,2025,7.9,14.500000000000002,12.8,15.1,3.7,218.3,17.2,Doncaster,29.4,29.5,11.0,30.289,68271,Yorkshire and The Humber,31.975509367081195,20.0,10.6,15.6,17.3,4.5
E08000018,2017,10.7,16.6,18.2,15.1,3.4,252.5,27.1,Rotherham,26.1,20.9,,29.55,59521,Yorkshire and The Humber,42.422002318509435,,,,,
E08000018,2018,11.0,10.1,10.1,15.7,3.0,277.1,30.5,Rotherham,22.9,23.9,,29.55,59521,Yorkshire and The Humber,46.554997395877095,18.2,10.7,15.1,16.6,3.4
E08000018,2019,25.6,4.9,1.8,15.5,2.2,271.9,69.7,Rotherham,21.3,21.2,,29.55,59521,Yorkshire and The Humber,45.68135616001075,10.1,11.0,15.7,10.1,3.0
E08000018,2020,26.7,11.7,7.3,17.2,3.7,241.7,64.6,Rotherham,20.7,17.6,,29.55,59521,Yorkshire and The Humber,40.60751667478705,1.8,25.6,15.5,4.9,2.2
E08000018,2021,19.9,7.6,6.8,16.0,3.2,239.1,47.5,Rotherham,17.7,17.2,9.0,29.55,59521,Yorkshire and The Humber,40.17069605685388,7.3,26.7,17.2,11.7,3.7
E08000018,2022,19.5,9.4,9.4,18.1,3.2,223.0,43.5,Rotherham,18.2,31.4,11.0,29.55,59521,Yorkshire and The Humber,37.46576838426774,6.8,19.9,16.0,7.6,3.2
E08000018,2023,16.4,8.6,8.6,13.2,5.0,213.9,35.0,Rotherham,16.6,25.2,10.0,29.55,59521,Yorkshire and The Humber,35.936896221501655,9.4,19.5,18.1,9.4,3.2
E08000018,2024,12.0,5.900000000000001,5.900000000000001,12.5,3.8,228.9,27.5,Rotherham,17.7,25.7,7.0,29.55,59521,Yorkshire and The Humber,38.457015171116076,8.6,16.4,13.2,8.6,5.0
E08000018,2025,13.6,1.9,1.9,13.3,3.7,232.3,31.5,Rotherham,19.6,27.7,13.0,29.55,59521,Yorkshire and The Humber,39.028242133028684,5.900000000000001,12.0,12.5,5.900000000000001,3.8
E08000019,2017,11.7,1.6,12.5,17.8,4.3,315.1,37.0,Sheffield,20.3,9.7,,27.06,116279,Yorkshire and The Humber,27.09861625916976,,,,,
E08000019,2018,8.5,3.6999999999999997,11.3,19.5,3.6999999999999997,339.8,28.9,Sheffield,31.3,15.1,,27.06,116279,Yorkshire and The Humber,29.22281753369052,12.5,11.7,17.8,1.6,4.3
E08000019,2019,6.8999999999999995,3.5,7.8999999999999995,17.2,4.9,381.5,26.5,Sheffield,35.2,16.9,,27.06,116279,Yorkshire and The Humber,32.80901968541181,11.3,8.5,19.5,3.6999999999999997,3.6999999999999997
E08000019,2020,7.2,3.9,7.3,15.1,5.0,396.9,28.5,Sheffield,27.6,18.1,,27.06,116279,Yorkshire and The Humber,34.13342048005229,7.8999999999999995,6.8999999999999995,17.2,3.5,4.9
E08000019,2021,11.599999999999998,9.9,13.9,15.7,4.3,399.2,46.2,Sheffield,19.4,22.0,12.0,27.06,116279,Yorkshire and The Humber,34.33122059873236,7.3,7.2,15.1,3.9,5.0
E08000019,2022,14.4,4.5,5.0,15.9,3.6,412.5,59.3,Sheffield,17.4,25.5,11.0,27.06,116279,Yorkshire and The Humber,35.47502128501277,13.9,11.599999999999998,15.7,9.9,4.3
E08000019,2023,10.9,2.9,2.3,16.1,3.7000000000000006,431.5,47.2,Sheffield,20.5,23.7,14.0,27.06,116279,Yorkshire and The Humber,37.10902226541336,5.0,14.4,15.9,4.5,3.6
E08000019,2024,10.7,3.5,2.8,15.3,3.5,445.3,47.8,Sheffield,16.4,21.9,10.0,27.06,116279,Yorkshire and The Humber,38.295822977493785,2.3,10.9,16.1,2.9,3.7000000000000006
E08000019,2025,10.699999999999998,3.4,0.4,14.9,4.5,446.9,47.8,Sheffield,16.5,19.7,8.0,27.06,116279,Yorkshire and The Humber,38.43342306005383,2.8,10.7,15.3,3.5,3.5
E08000021,2017,17.8,5.1,8.3,18.0,5.8,244.2,43.4,Newcastle upon Tyne,12.9,25.5,,29.79,61206,North East,39.89804921086168,,,,,
E08000021,2018,12.0,8.1,5.5,21.2,4.3,259.4,31.2,Newcastle upon Tyne,15.3,20.3,,29.79,61206,North East,42.38146586935921,8.3,17.8,18.0,5.1,5.8
E08000021,2019,17.3,10.499999999999998,17.3,18.4,4.4,238.6,41.2,Newcastle upon Tyne,20.0,26.0,,29.79,61206,North East,38.98310623141522,5.5,12.0,21.2,8.1,4.3
E08000021,2020,11.1,9.9,10.2,17.0,2.9,246.8,27.4,Newcastle upon Tyne,27.0,24.5,,29.79,61206,North East,40.32284416560468,17.3,17.3,18.4,10.499999999999998,4.4
E08000021,2021,10.3,11.5,5.0,17.7,4.599999999999999,246.4,25.4,Newcastle upon Tyne,26.9,23.1,7.0,29.79,61206,North East,40.25749109564422,10.2,11.1,17.0,9.9,2.9
E08000021,2022,13.8,16.1,4.8,22.8,5.6,240.0,33.0,Newcastle upon Tyne,22.2,25.9,6.0,29.79,61206,North East,39.21184197627684,5.0,10.3,17.7,11.5,4.599999999999999
E08000021,2023,11.3,13.8,9.9,18.0,3.4,249.4,28.1,Newcastle upon Tyne,23.6,24.4,7.0,29.79,61206,North East,40.74763912034768,4.8,13.8,22.8,16.1,5.6
E08000021,2024,11.6,16.3,7.0,17.8,5.1,240.8,28.0,Newcastle upon Tyne,23.4,29.1,11.0,29.79,61206,North East,39.342548116197754,9.9,11.3,18.0,13.8,3.4
E08000021,2025,16.9,9.7,5.8,18.4,4.0,242.6,41.0,Newcastle upon Tyne,17.2,32.1,14.0,29.79,61206,North East,39.63663693101983,7.0,11.6,17.8,16.3,5.1
E08000022,2017,23.2,11.5,10.1,18.7,,92.2,21.4,North Tyneside,19.6,19.0,,22.279,42263,North East,21.815772661666234,,,,,
E08000022,2018,9.8,4.8,0.9,19.2,1.1,108.8,10.7,North Tyneside,16.3,26.7,,22.279,42263,North East,25.743558195111564,10.1,23.2,18.7,11.5,
E08000022,2019,12.7,0.0,0.0,19.7,1.6,141.4,18.0,North Tyneside,16.4,13.3,,22.279,42263,North East,33.457161110190945,0.9,9.8,19.2,4.8,1.1
E08000022,2020,13.8,2.5,2.5,17.8,3.3999999999999995,155.3,21.4,North Tyneside,15.0,20.2,,22.279,42263,North East,36.746089960485534,0.0,12.7,19.7,0.0,1.6
E08000022,2021,11.8,1.9,1.3,22.4,2.4,151.6,17.9,North Tyneside,18.9,19.7,8.0,22.279,42263,North East,35.87061969098266,2.5,13.8,17.8,2.5,3.3999999999999995
E08000022,2022,12.1,5.7,3.0,23.2,3.0,159.3,19.3,North Tyneside,17.4,30.3,15.0,22.279,42263,North East,37.692544305894046,1.3,11.8,22.4,1.9,2.4
E08000022,2023,13.6,7.5,6.700000000000001,20.6,6.2,167.4,22.7,North Tyneside,22.0,26.2,13.0,22.279,42263,North East,39.609114355346286,3.0,12.1,23.2,5.7,3.0
E08000022,2024,12.8,4.0,12.4,19.0,7.4,168.9,21.6,North Tyneside,25.2,26.6,15.0,22.279,42263,North East,39.96403473487448,6.700000000000001,13.6,20.6,7.5,6.2
E08000022,2025,9.5,9.6,8.2,18.6,6.800000000000001,178.6,16.9,North Tyneside,24.7,26.6,12.0,22.279,42263,North East,42.25918652249012,12.4,12.8,19.0,4.0,7.4
E08000023,2017,10.0,4.2,9.5,17.7,4.4,114.7,11.5,South Tyneside,21.8,13.2,,31.509,30513,North East,37.59053518172582,,,,,
E08000023,2018,14.3,7.8,5.6,17.8,2.8,117.8,16.8,South Tyneside,22.1,25.1,,31.509,30513,North East,38.606495592042734,9.5,10.0,17.7,4.2,4.4
E08000023,2019,19.1,4.1,5.6,18.2,1.5,118.0,22.5,South Tyneside,26.9,15.9,,31.509,30513,North East,38.67204142496641,5.6,14.3,17.8,7.8,2.8
E08000023,2020,14.9,4.8,5.6,18.4,0.9,118.4,17.6,South Tyneside,22.3,15.8,,31.509,30513,North East,38.80313309081375,5.6,19.1,18.2,4.1,1.5
E08000023,2021,11.0,0.8,2.2,17.9,0.8,131.4,14.5,South Tyneside,19.7,22.9,5.0,31.509,30513,North East,43.06361223085243,5.6,14.9,18.4,4.8,0.9
E08000023,2022,18.9,1.6,5.199999999999999,18.3,1.0,126.9,24.0,South Tyneside,20.1,24.2,8.0,31.509,30513,North East,41.58883099006981,2.2,11.0,17.9,0.8,0.8
E08000023,2023,10.5,6.3,12.8,13.1,2.0,148.0,15.5,South Tyneside,22.6,32.3,10.0,31.509,30513,North East,48.503916363517185,5.199999999999999,18.9,18.3,1.6,1.0
E08000023,2024,23.0,13.7,11.9,13.7,2.4,125.8,29.0,South Tyneside,22.8,27.2,8.0,31.509,30513,North East,41.22832890898961,12.8,10.5,13.1,6.3,2.0
E08000023,2025,9.1,10.0,2.9,14.6,2.1,135.0,12.3,South Tyneside,17.2,32.6,6.0,31.509,30513,North East,44.243437223478516,11.9,23.0,13.7,13.7,2.4
E08000024,2017,8.4,29.4,28.8,21.6,1.5999999999999999,168.4,14.2,Sunderland,22.0,7.8,,30.586,56770,North East,29.663554694380835,,,,,
E08000024,2018,2.4,22.7,14.6,16.5,3.1999999999999997,187.0,4.5,Sunderland,21.3,21.2,,30.586,56770,North East,32.939933063237625,28.8,8.4,21.6,29.4,1.5999999999999999
E08000024,2019,21.3,16.1,9.6,20.299999999999997,2.9,207.7,44.2,Sunderland,24.6,25.9,,30.586,56770,North East,36.58622511890083,14.6,2.4,16.5,22.7,3.1999999999999997
E08000024,2020,10.4,2.1,0.9,18.4,1.7,221.9,23.0,Sunderland,22.1,22.6,,30.586,56770,North East,39.08754623921085,9.6,21.3,20.299999999999997,16.1,2.9
E08000024,2021,14.1,3.5,1.3,20.8,2.5,249.2,35.2,Sunderland,19.4,23.9,9.0,30.586,56770,North East,43.8964241676942,0.9,10.4,18.4,2.1,1.7
E08000024,2022,13.6,4.5,0.4,14.1,3.5,233.6,31.7,Sunderland,19.7,15.0,9.0,30.586,56770,North East,41.148493922846576,1.3,14.1,20.8,3.5,2.5
E08000024,2023,13.4,4.1,,16.1,1.9,233.7,31.4,Sunderland,23.9,28.5,8.0,30.586,56770,North East,41.16610886031355,0.4,13.6,14.1,4.5,3.5
E08000024,2024,,4.2,,17.2,3.4,227.4,,Sunderland,19.4,30.2,8.0,30.586,56770,North East,40.05636779989432,,13.4,16.1,4.1,1.9
E08000024,2025,11.8,5.0,,17.1,3.9,229.5,27.1,Sunderland,18.5,31.0,9.0,30.586,56770,North East,40.426281486700724,,,17.2,4.2,3.4
E08000025,2017,9.7,25.8,16.8,14.699999999999998,6.0,647.1,62.7,Birmingham,22.0,21.6,,38.067,292859,West Midlands,22.095957440269892,,,,,
E08000025,2018,13.4,19.3,13.3,16.0,3.8,662.5,89.1,Birmingham,24.1,24.0,,38.067,292859,West Midlands,22.62180776414589,16.8,9.7,14.699999999999998,25.8,6.0
E08000025,2019,14.699999999999998,19.8,11.9,15.899999999999999,3.3000000000000003,701.9,103.4,Birmingham,23.5,22.3,,38.067,292859,West Midlands,23.96716508627018,13.3,13.4,16.0,19.3,3.8
E08000025,2020,17.7,26.500000000000004,14.500000000000002,16.6,3.4,664.2,117.8,Birmingham,17.8,21.0,,38.067,292859,West Midlands,22.67985617652181,11.9,14.699999999999998,15.899999999999999,19.8,3.3000000000000003
E08000025,2021,15.7,27.9,18.3,15.5,4.3,693.7,108.9,Birmingham,19.3,26.4,6.0,38.067,292859,West Midlands,23.68716686186868,14.500000000000002,17.7,16.6,26.500000000000004,3.4
E08000025,2022,16.1,30.900000000000002,19.3,17.2,4.7,683.0,110.0,Birmingham,19.1,23.8,8.0,38.067,292859,West Midlands,23.321803325149645,18.3,15.7,15.5,27.9,4.3
E08000025,2023,11.3,26.7,11.9,17.7,4.7,761.7,86.0,Birmingham,19.7,23.8,9.0,38.067,292859,West Midlands,26.009103356905545,19.3,16.1,17.2,30.900000000000002,4.7
E08000025,2024,12.9,26.6,,,,766.2,99.1,Birmingham,22.4,25.5,8.0,38.067,292859,West Midlands,26.1627609190771,11.9,11.3,17.7,26.7,4.7
E08000025,2025,8.5,17.1,12.4,15.2,3.7000000000000006,769.6,65.4,Birmingham,20.7,25.9,9.0,38.067,292859,West Midlands,26.27885774382894,,12.9,,26.6,
E08000026,2017,13.9,19.6,12.8,16.8,4.2,270.4,37.6,Coventry,23.8,18.2,,25.613,83561,West Midlands,32.35959359031126,,,,,
E08000026,2018,18.3,21.3,16.0,15.1,3.5,280.6,51.3,Coventry,20.9,27.3,,25.613,83561,West Midlands,33.58025873314106,12.8,13.9,16.8,19.6,4.2
E08000026,2019,10.5,9.3,10.8,13.4,3.2,308.2,32.5,Coventry,25.2,26.0,,25.613,83561,West Midlands,36.883235001974604,16.0,18.3,15.1,21.3,3.5
E08000026,2020,21.8,14.3,16.8,17.0,4.4,292.1,63.7,Coventry,24.6,32.6,,25.613,83561,West Midlands,34.95649884515504,10.8,10.5,13.4,9.3,3.2
E08000026,2021,17.1,15.4,18.1,14.700000000000001,3.9000000000000004,320.7,54.8,Coventry,25.0,21.0,12.0,25.613,83561,West Midlands,38.37914816720719,16.8,21.8,17.0,14.3,4.4
E08000026,2022,18.0,15.9,16.7,13.4,3.5000000000000004,359.2,64.8,Coventry,24.7,23.1,11.0,25.613,83561,West Midlands,42.98656071612355,18.1,17.1,14.700000000000001,15.4,3.9000000000000004
E08000026,2023,15.5,12.1,12.4,14.0,3.1,370.6,57.6,Coventry,19.1,21.4,12.0,25.613,83561,West Midlands,44.35083352281567,16.7,18.0,13.4,15.9,3.5000000000000004
E08000026,2024,17.7,12.3,9.3,13.5,3.5999999999999996,371.7,65.6,Coventry,20.9,27.2,12.0,25.613,83561,West Midlands,44.482473881356135,12.4,15.5,14.0,12.1,3.1
E08000026,2025,11.3,7.4,6.1,12.8,4.6,377.8,42.6,Coventry,18.5,27.3,11.0,25.613,83561,West Midlands,45.21247950598964,9.3,17.7,13.5,12.3,3.5999999999999996
E08000027,2017,13.699999999999998,28.3,30.8,20.2,3.8,164.4,22.5,Dudley,26.6,15.5,,24.103,71124,West Midlands,23.11456048591193,,,,,
E08000027,2018,16.7,31.9,33.7,19.9,4.7,163.1,27.2,Dudley,24.6,19.1,,24.103,71124,West Midlands,22.931781114672965,30.8,13.699999999999998,20.2,28.3,3.8
E08000027,2019,25.8,27.0,26.4,19.3,4.1,162.8,42.0,Dudley,23.8,11.3,,24.103,71124,West Midlands,22.889601259771666,33.7,16.7,19.9,31.9,4.7
E08000027,2020,15.8,25.4,22.4,19.9,3.5,170.0,26.9,Dudley,29.2,27.1,,24.103,71124,West Midlands,23.901917777402847,26.4,25.8,19.3,27.0,4.1
E08000027,2021,25.2,23.0,20.1,23.2,4.3,161.3,40.7,Dudley,21.5,21.4,7.0,24.103,71124,West Midlands,22.67870198526517,22.4,15.8,19.9,25.4,3.5
E08000027,2022,22.0,18.2,15.6,20.9,7.200000000000001,166.4,36.6,Dudley,20.2,23.5,9.0,24.103,71124,West Midlands,23.395759518587255,20.1,25.2,23.2,23.0,4.3
E08000027,2023,31.699999999999996,11.7,18.9,17.8,5.6,158.4,50.2,Dudley,18.8,29.1,11.0,24.103,71124,West Midlands,22.27096338788595,15.6,22.0,20.9,18.2,7.200000000000001
E08000027,2024,24.6,16.0,17.3,17.6,4.2,167.5,41.3,Dudley,20.0,26.4,10.0,24.103,71124,West Midlands,23.550418986558686,18.9,31.699999999999996,17.8,11.7,5.6
E08000027,2025,34.9,17.7,14.500000000000002,19.5,4.6,144.3,50.3,Dudley,22.5,27.6,7.0,24.103,71124,West Midlands,20.288510207524887,17.3,24.6,17.6,16.0,4.2
E08000028,2017,22.0,16.1,34.7,16.3,4.2,190.0,41.8,Sandwell,16.4,13.9,,34.884,88593,West Midlands,21.446389669612724,,,,,
E08000028,2018,14.3,25.999999999999996,31.0,18.0,5.0,213.6,30.6,Sandwell,20.3,14.0,,34.884,88593,West Midlands,24.11025701804883,34.7,22.0,16.3,16.1,4.2
E08000028,2019,22.4,26.3,36.3,19.0,7.5,206.6,46.3,Sandwell,23.9,17.1,,34.884,88593,West Midlands,23.320126872326256,31.0,14.3,18.0,25.999999999999996,5.0
E08000028,2020,14.9,25.999999999999996,29.400000000000002,20.1,4.900000000000001,214.1,32.0,Sandwell,24.8,22.3,,34.884,88593,West Midlands,24.166694885600442,36.3,22.4,19.0,26.3,7.5
E08000028,2021,25.7,27.7,31.5,16.0,5.6,208.3,53.6,Sandwell,20.8,22.2,6.0,34.884,88593,West Midlands,23.512015622001737,29.400000000000002,14.9,20.1,25.999999999999996,4.900000000000001
E08000028,2022,28.0,27.5,29.6,16.1,10.6,202.5,56.6,Sandwell,19.2,30.1,7.0,34.884,88593,West Midlands,22.857336358403035,31.5,25.7,16.0,27.7,5.6
E08000028,2023,15.4,18.3,17.6,16.9,5.1,228.7,35.2,Sandwell,22.9,31.3,8.0,34.884,88593,West Midlands,25.814680618107523,29.6,28.0,16.1,27.5,10.6
E08000028,2024,10.0,14.1,15.200000000000001,16.9,6.000000000000001,241.3,24.0,Sandwell,20.9,29.8,10.0,34.884,88593,West Midlands,27.23691488040816,17.6,15.4,16.9,18.3,5.1
E08000028,2025,11.1,8.7,9.9,15.2,4.9,269.9,30.0,Sandwell,22.7,30.9,9.0,34.884,88593,West Midlands,30.46516090436039,15.200000000000001,10.0,16.9,14.1,6.000000000000001
E08000029,2017,15.5,10.0,18.2,13.199999999999998,3.7,81.1,12.5,Solihull,24.0,22.8,,17.37,49229,West Midlands,16.47402953543643,,,,,
E08000029,2018,14.0,22.4,23.2,15.199999999999998,5.2,85.4,12.0,Solihull,23.6,29.2,,17.37,49229,West Midlands,17.347498425724677,18.2,15.5,13.199999999999998,10.0,3.7
E08000029,2019,10.8,13.4,15.599999999999998,15.5,3.2000000000000006,109.6,11.8,Solihull,23.3,20.6,,17.37,49229,West Midlands,22.263300087346888,23.2,14.0,15.199999999999998,22.4,5.2
E08000029,2020,14.7,10.9,16.2,13.7,3.4,114.5,16.8,Solihull,32.5,18.0,,17.37,49229,West Midlands,23.258648357675355,15.599999999999998,10.8,15.5,13.4,3.2000000000000006
E08000029,2021,23.1,11.3,17.6,16.7,2.7,107.9,24.9,Solihull,20.3,15.4,11.0,17.37,49229,West Midlands,21.917975177232933,16.2,14.7,13.7,10.9,3.4
E08000029,2022,18.3,16.4,30.3,15.1,4.3,124.3,22.7,Solihull,20.5,18.1,8.0,17.37,49229,West Midlands,25.249344898332282,17.6,23.1,16.7,11.3,2.7
E08000029,2023,20.1,25.2,44.7,13.6,5.0,121.2,24.3,Solihull,24.4,31.7,11.0,17.37,49229,West Midlands,24.61963476812448,30.3,18.3,15.1,16.4,4.3
E08000029,2024,16.6,30.9,35.0,15.3,5.9,118.3,19.6,Solihull,25.7,23.3,10.0,17.37,49229,West Midlands,24.030551097930083,44.7,20.1,13.6,25.2,5.0
E08000029,2025,12.3,11.0,23.0,14.2,4.1,153.6,18.9,Solihull,26.3,19.6,8.0,17.37,49229,West Midlands,31.201121290296367,35.0,16.6,15.3,30.9,5.9
E08000030,2017,14.9,31.400000000000002,30.5,17.2,3.8,156.8,23.4,Walsall,21.7,11.6,,31.555,71799,West Midlands,21.838744272204348,,,,,
E08000030,2018,30.399999999999995,27.6,27.3,19.9,3.3,173.3,52.7,Walsall,27.3,24.5,,31.555,71799,West Midlands,24.13682641819524,30.5,14.9,17.2,31.400000000000002,3.8
E08000030,2019,26.7,26.0,19.1,17.1,3.7,179.2,47.9,Walsall,25.2,19.0,,31.555,71799,West Midlands,24.95856488251925,27.3,30.399999999999995,19.9,27.6,3.3
E08000030,2020,15.900000000000002,13.3,14.8,13.400000000000002,2.2,195.5,31.0,Walsall,26.3,24.3,,31.555,71799,West Midlands,27.22879148734662,19.1,26.7,17.1,26.0,3.7
E08000030,2021,16.9,7.2,9.5,13.3,2.2,218.5,37.0,Walsall,26.9,26.5,7.0,31.555,71799,West Midlands,30.432178721152102,14.8,15.900000000000002,13.400000000000002,13.3,2.2
E08000030,2022,10.500000000000002,8.2,10.500000000000002,15.8,4.7,213.9,22.5,Walsall,19.0,27.7,7.0,31.555,71799,West Midlands,29.79150127439101,9.5,16.9,13.3,7.2,2.2
E08000030,2023,19.6,6.1,8.0,12.3,3.7,229.8,45.1,Walsall,23.8,33.0,10.0,31.555,71799,West Midlands,32.00601679689132,10.500000000000002,10.500000000000002,15.8,8.2,4.7
E08000030,2024,8.1,8.3,11.2,12.8,3.6,253.5,20.5,Walsall,21.3,30.2,9.0,31.555,71799,West Midlands,35.306898424769145,8.0,19.6,12.3,6.1,3.7
E08000030,2025,8.1,8.0,7.7,11.9,2.6,287.7,23.3,Walsall,19.7,24.5,9.0,31.555,71799,West Midlands,40.07019596373208,11.2,8.1,12.8,8.3,3.6
E08000031,2017,22.3,19.6,17.2,20.0,3.7999999999999994,144.0,32.1,Wolverhampton,24.3,16.5,,32.102,68405,West Midlands,21.051092756377457,,,,,
E08000031,2018,28.0,19.0,18.0,19.7,5.6,152.0,42.5,Wolverhampton,24.8,16.3,,32.102,68405,West Midlands,22.22059790950954,17.2,22.3,20.0,19.6,3.7999999999999994
E08000031,2019,11.2,13.1,10.2,16.0,3.3999999999999995,177.2,19.9,Wolverhampton,23.8,17.3,,32.102,68405,West Midlands,25.904539141875592,18.0,28.0,19.7,19.0,5.6
E08000031,2020,15.2,15.6,11.8,15.1,2.8,191.2,29.0,Wolverhampton,20.9,22.3,,32.102,68405,West Midlands,27.951173159856737,10.2,11.2,16.0,13.1,3.3999999999999995
E08000031,2021,11.2,19.2,10.0,17.3,4.6,198.3,22.3,Wolverhampton,7.3,21.2,6.0,32.102,68405,West Midlands,28.98910898326146,11.8,15.2,15.1,15.6,2.8
E08000031,2022,9.6,17.6,8.4,15.1,4.2,206.7,19.8,Wolverhampton,19.5,21.4,6.0,32.102,68405,West Midlands,30.217089394050138,10.0,11.2,17.3,19.2,4.6
E08000031,2023,15.2,8.4,10.5,13.9,5.599999999999999,212.3,32.2,Wolverhampton,21.2,19.2,6.0,32.102,68405,West Midlands,31.0357430012426,8.4,9.6,15.1,17.6,4.2
E08000031,2024,9.599999999999998,19.6,14.2,14.2,4.3,217.7,21.0,Wolverhampton,21.3,27.4,7.0,32.102,68405,West Midlands,31.825158979606755,10.5,15.2,13.9,8.4,5.599999999999999
E08000031,2025,10.8,16.3,9.9,13.8,4.3,226.4,24.4,Wolverhampton,20.8,22.9,10.0,32.102,68405,West Midlands,33.09699583363789,14.2,9.599999999999998,14.2,19.6,4.3
E08000032,2017,15.000000000000002,9.3,3.6,18.0,3.3,333.4,50.1,Bradford,15.6,13.5,,34.666,142483,Yorkshire and The Humber,23.39928272144747,,,,,
E08000032,2018,14.8,10.5,12.2,16.5,2.4,374.3,55.4,Bradford,19.0,16.0,,34.666,142483,Yorkshire and The Humber,26.269800607791808,3.6,15.000000000000002,18.0,9.3,3.3
E08000032,2019,19.0,22.4,29.599999999999998,18.8,5.2,336.5,63.9,Bradford,21.0,17.6,,34.666,142483,Yorkshire and The Humber,23.61685253679386,12.2,14.8,16.5,10.5,2.4
E08000032,2020,15.2,26.1,33.5,18.5,5.0,345.5,52.4,Bradford,22.9,15.3,,34.666,142483,Yorkshire and The Humber,24.24850683941242,29.599999999999998,19.0,18.8,22.4,5.2
E08000032,2021,16.6,46.8,38.5,17.8,3.8,336.0,55.7,Bradford,22.1,17.7,9.0,34.666,142483,Yorkshire and The Humber,23.58176063109283,33.5,15.2,18.5,26.1,5.0
E08000032,2022,22.4,38.8,45.7,17.1,7.7,311.3,69.6,Bradford,25.9,22.6,8.0,34.666,142483,Yorkshire and The Humber,21.8482204894619,38.5,16.6,17.8,46.8,3.8
E08000032,2023,17.8,42.1,49.9,15.8,4.8,342.5,61.0,Bradford,22.5,24.2,7.0,34.666,142483,Yorkshire and The Humber,24.037955405206237,45.7,22.4,17.1,38.8,7.7
E08000032,2024,11.9,35.3,31.8,14.6,5.1,401.1,47.6,Bradford,22.8,21.2,10.0,34.666,142483,Yorkshire and The Humber,28.15072675336707,49.9,17.8,15.8,42.1,4.8
E08000032,2025,8.7,17.0,22.2,14.3,4.4,467.1,40.5,Bradford,22.9,27.2,8.0,34.666,142483,Yorkshire and The Humber,32.78285830590316,31.8,11.9,14.6,35.3,5.1
E08000033,2017,25.2,4.7,4.7,13.3,3.5,141.8,35.7,Calderdale,21.2,18.4,,26.351,45130,Yorkshire and The Humber,31.4203412364281,,,,,
E08000033,2018,15.600000000000001,6.4,2.1,22.7,3.0,137.9,21.5,Calderdale,22.7,20.3,,26.351,45130,Yorkshire and The Humber,30.556171061378244,4.7,25.2,13.3,4.7,3.5
E08000033,2019,14.8,7.5,6.9,14.8,3.8999999999999995,148.0,22.0,Calderdale,22.1,26.4,,26.351,45130,Yorkshire and The Humber,32.7941502326612,2.1,15.600000000000001,22.7,6.4,3.0
E08000033,2020,12.0,3.0,2.5,14.299999999999999,2.7,153.2,18.5,Calderdale,24.8,27.0,,26.351,45130,Yorkshire and The Humber,33.946377132727676,6.9,14.8,14.8,7.5,3.8999999999999995
E08000033,2021,14.5,9.6,8.6,12.7,3.3,148.4,21.5,Calderdale,24.6,25.0,7.0,26.351,45130,Yorkshire and The Humber,32.882783071127854,2.5,12.0,14.299999999999999,3.0,2.7
E08000033,2022,21.1,14.7,13.7,14.7,1.9,141.0,29.8,Calderdale,20.4,21.1,6.0,26.351,45130,Yorkshire and The Humber,31.243075559494795,8.6,14.5,12.7,9.6,3.3
E08000033,2023,8.5,5.9,7.8,13.4,3.0,161.3,13.7,Calderdale,20.4,25.3,6.0,26.351,45130,Yorkshire and The Humber,35.74119211167738,13.7,21.1,14.7,14.7,1.9
E08000033,2024,9.6,4.8,7.500000000000001,12.9,2.8,170.2,16.3,Calderdale,22.1,25.7,7.0,26.351,45130,Yorkshire and The Humber,37.713272767560376,7.8,8.5,13.4,5.9,3.0
E08000033,2025,13.600000000000001,6.599999999999999,5.7,15.199999999999998,3.5999999999999996,164.0,22.2,Calderdale,20.4,19.6,10.0,26.351,45130,Yorkshire and The Humber,36.339463771327274,7.500000000000001,9.6,12.9,4.8,2.8
E08000034,2017,19.6,22.5,17.5,17.8,6.6,251.8,49.4,Kirklees,25.7,16.4,,25.151,99822,Yorkshire and The Humber,25.224900322574182,,,,,
E08000034,2018,12.8,9.3,6.2,15.1,4.2,270.8,34.7,Kirklees,24.1,15.6,,25.151,99822,Yorkshire and The Humber,27.128288353268818,17.5,19.6,17.8,22.5,6.6
E08000034,2019,10.8,6.7,1.7,15.400000000000002,3.4,282.4,30.6,Kirklees,19.7,17.4,,25.151,99822,Yorkshire and The Humber,28.29035683516659,6.2,12.8,15.1,9.3,4.2
E08000034,2020,10.1,8.0,0.4,14.8,4.2,280.3,28.3,Kirklees,24.4,20.2,,25.151,99822,Yorkshire and The Humber,28.079982368616136,1.7,10.8,15.400000000000002,6.7,3.4
E08000034,2021,10.9,6.3,0.0,16.0,3.6,281.7,30.8,Kirklees,15.9,23.5,7.0,25.151,99822,Yorkshire and The Humber,28.220232012983107,0.4,10.1,14.8,8.0,4.2
E08000034,2022,11.6,9.9,0.0,17.6,5.0,275.3,32.0,Kirklees,15.5,22.1,10.0,25.151,99822,Yorkshire and The Humber,27.579090781591233,0.0,10.9,16.0,6.3,3.6
E08000034,2023,20.4,4.2,0.0,17.7,4.1,247.0,50.3,Kirklees,17.6,21.2,9.0,25.151,99822,Yorkshire and The Humber,24.744044399030276,0.0,11.6,17.6,9.9,5.0
E08000034,2024,13.6,8.9,0.0,19.2,3.7,241.5,32.8,Kirklees,19.3,20.5,12.0,25.151,99822,Yorkshire and The Humber,24.193063653302875,0.0,20.4,17.7,4.2,4.1
E08000034,2025,10.6,9.2,0.0,16.8,3.9,256.5,27.2,Kirklees,19.7,27.8,12.0,25.151,99822,Yorkshire and The Humber,25.695738414377594,0.0,13.6,19.2,8.9,3.7
E08000035,2017,8.4,0.0,1.4,16.7,3.2,617.8,51.6,Leeds,23.5,24.5,,27.301,176239,Yorkshire and The Humber,35.05467007869994,,,,,
E08000035,2018,7.300000000000001,0.5,0.5,13.800000000000002,3.1,643.5,46.8,Leeds,24.9,25.7,,27.301,176239,Yorkshire and The Humber,36.51291711823149,1.4,8.4,16.7,0.0,3.2
E08000035,2019,8.1,0.8,0.8,15.3,3.3999999999999995,629.6,51.1,Leeds,27.9,22.3,,27.301,176239,Yorkshire and The Humber,35.724215412025714,0.5,7.300000000000001,13.800000000000002,0.5,3.1
E08000035,2020,8.7,10.4,0.0,15.000000000000002,3.0,644.3,55.7,Leeds,27.1,26.0,,27.301,176239,Yorkshire and The Humber,36.55831002218578,0.8,8.1,15.3,0.8,3.3999999999999995
E08000035,2021,10.1,5.1,0.0,16.1,3.3,647.9,65.4,Leeds,25.6,23.0,9.0,27.301,176239,Yorkshire and The Humber,36.76257808998008,0.0,8.7,15.000000000000002,10.4,3.0
E08000035,2022,9.6,5.9,2.6,16.2,4.4,627.0,60.4,Leeds,23.7,21.2,11.0,27.301,176239,Yorkshire and The Humber,35.576688474174276,0.0,10.1,16.1,5.1,3.3
E08000035,2023,13.100000000000001,12.5,4.4,16.3,3.2,628.5,82.1,Leeds,28.0,21.8,14.0,27.301,176239,Yorkshire and The Humber,35.661800169088565,2.6,9.6,16.2,5.9,4.4
E08000035,2024,9.0,7.200000000000001,5.2,14.5,3.4999999999999996,640.6,57.8,Leeds,24.2,25.0,16.0,27.301,176239,Yorkshire and The Humber,36.3483678413972,4.4,13.100000000000001,16.3,12.5,3.2
E08000035,2025,7.000000000000001,2.1,2.1,14.8,3.8000000000000003,660.4,46.2,Leeds,24.2,23.0,13.0,27.301,176239,Yorkshire and The Humber,37.47184221426585,5.2,9.0,14.5,7.200000000000001,3.4999999999999996
E08000036,2017,18.3,4.2,5.5,17.7,4.5,207.1,37.9,Wakefield,26.8,10.1,,27.306,77481,Yorkshire and The Humber,26.72913359404241,,,,,
E08000036,2018,16.4,12.1,28.7,21.900000000000002,9.5,193.2,31.6,Wakefield,21.5,25.3,,27.306,77481,Yorkshire and The Humber,24.935145390482827,5.5,18.3,17.7,4.2,4.5
E08000036,2019,13.7,28.2,32.0,20.0,6.0,205.0,28.2,Wakefield,23.8,24.2,,27.306,77481,Yorkshire and The Humber,26.458099405015425,28.7,16.4,21.900000000000002,12.1,9.5
E08000036,2020,15.1,19.4,21.8,14.6,4.0,240.9,36.4,Wakefield,30.0,19.5,,27.306,77481,Yorkshire and The Humber,31.09149339838154,32.0,13.7,20.0,28.2,6.0
E08000036,2021,15.7,13.6,14.2,15.0,3.0,254.9,40.0,Wakefield,32.5,20.0,11.0,27.306,77481,Yorkshire and The Humber,32.898387991894786,21.8,15.1,14.6,19.4,4.0
E08000036,2022,25.3,21.5,14.1,16.7,4.1,230.9,58.4,Wakefield,21.8,27.0,8.0,27.306,77481,Yorkshire and The Humber,29.800854403014934,14.2,15.7,15.0,13.6,3.0
E08000036,2023,19.5,22.800000000000004,16.1,17.0,3.2999999999999994,224.3,43.8,Wakefield,21.6,23.5,9.0,27.306,77481,Yorkshire and The Humber,28.949032666072974,14.1,25.3,16.7,21.5,4.1
E08000036,2024,17.7,20.0,18.5,18.0,3.6,220.8,39.2,Wakefield,16.7,21.8,11.0,27.306,77481,Yorkshire and The Humber,28.497309017694665,16.1,19.5,17.0,22.800000000000004,3.2999999999999994
E08000036,2025,12.6,13.5,15.200000000000001,19.5,4.1,230.7,29.1,Wakefield,18.5,22.7,10.0,27.306,77481,Yorkshire and The Humber,29.7750416231076,18.5,17.7,18.0,20.0,3.6
E08000037,2017,1.5,15.8,15.6,17.3,5.0,133.5,2.0,Gateshead,15.3,16.4,,28.217,40414,North East,33.033107339040924,,,,,
E08000037,2018,16.1,3.9000000000000004,8.6,16.1,3.2,146.6,23.6,Gateshead,15.4,18.4,,28.217,40414,North East,36.27455832137378,15.6,1.5,17.3,15.8,5.0
E08000037,2019,4.8,2.0,1.6,17.2,3.7,144.6,7.0,Gateshead,15.6,22.5,,28.217,40414,North East,35.77968030880388,8.6,16.1,16.1,3.9000000000000004,3.2
E08000037,2020,7.8999999999999995,0.0,7.8999999999999995,19.1,2.3,144.6,11.4,Gateshead,11.6,23.4,,28.217,40414,North East,35.77968030880388,1.6,4.8,17.2,2.0,3.7
E08000037,2021,7.299999999999999,1.8000000000000003,4.2,18.8,3.7999999999999994,160.2,11.7,Gateshead,19.2,21.0,8.0,28.217,40414,North East,39.63972880684911,7.8999999999999995,7.8999999999999995,19.1,0.0,2.3
E08000037,2022,,6.7,4.9,16.5,4.0,153.7,,Gateshead,14.9,26.4,8.0,28.217,40414,North East,38.03137526599693,4.2,7.299999999999999,18.8,1.8000000000000003,3.7999999999999994
E08000037,2023,15.199999999999998,8.7,6.299999999999999,18.0,5.2,163.3,24.9,Gateshead,22.5,20.7,5.0,28.217,40414,North East,40.40678972633246,4.9,,16.5,6.7,4.0
E08000037,2024,15.400000000000002,8.3,9.8,18.1,5.5,165.5,25.5,Gateshead,16.6,20.6,8.0,28.217,40414,North East,40.951155540159355,6.299999999999999,15.199999999999998,18.0,8.7,5.2
E08000037,2025,16.0,10.7,10.0,17.2,6.500000000000001,158.4,25.4,Gateshead,13.9,21.1,7.0,28.217,40414,North East,39.1943385955362,9.8,15.400000000000002,18.1,8.3,5.5
E09000001,2017,13.3,0.0,19.4,16.3,0.2,7.5,1.0,City of London,16.1,0.0,,14.72,847,London,88.54781582054311,,,,,
E09000001,2018,0.0,5.0,7.3,15.5,1.6,7.6,0.0,City of London,12.7,,,14.72,847,London,89.728453364817,19.4,13.3,16.3,0.0,0.2
E09000001,2019,34.1,10.2,18.5,16.0,1.7,8.8,3.0,City of London,8.6,,,14.72,847,London,103.8961038961039,7.3,0.0,15.5,5.0,1.6
E09000001,2020,11.1,10.0,35.7,12.3,1.3,9.0,1.0,City of London,15.0,,,14.72,847,London,106.25737898465172,18.5,34.1,16.0,10.2,1.7
E09000001,2021,0.0,0.0,28.6,11.0,2.5,10.0,0.0,City of London,11.3,0.0,,14.72,847,London,118.06375442739079,35.7,11.1,12.3,10.0,1.3
E09000001,2022,16.7,7.7,20.0,11.300000000000002,1.1,12.0,2.0,City of London,,0.0,0.0,14.72,847,London,141.67650531286895,28.6,0.0,11.0,0.0,2.5
E09000001,2023,16.7,0.0,14.300000000000002,13.1,12.1,12.0,2.0,City of London,,,,14.72,847,London,141.67650531286895,20.0,16.7,11.300000000000002,7.7,1.1
E09000001,2024,27.3,8.3,15.4,9.6,4.7,11.0,3.0,City of London,,,,14.72,847,London,129.8701298701299,14.300000000000002,16.7,13.1,0.0,12.1
E09000001,2025,0.0,0.0,7.8,11.2,1.5000000000000002,11.8,0.0,City of London,15.8,0.0,0.0,14.72,847,London,139.31523022432114,15.4,27.3,9.6,8.3,4.7
E09000002,2017,19.3,40.4,38.0,19.699999999999996,1.2,106.1,20.5,Barking and Dagenham,13.7,16.9,,32.768,66465,London,15.96328894907094,,,,,
E09000002,2018,16.8,29.5,27.6,18.3,1.5,133.7,22.4,Barking and Dagenham,15.8,13.4,,32.768,66465,London,20.115850447604,38.0,19.3,19.699999999999996,40.4,1.2
E09000002,2019,15.8,21.9,22.6,16.3,1.9,170.9,27.0,Barking and Dagenham,14.3,15.4,,32.768,66465,London,25.71278116301813,27.6,16.8,18.3,29.5,1.5
E09000002,2020,15.2,17.2,16.1,15.2,1.7,187.8,28.5,Barking and Dagenham,14.6,14.6,,32.768,66465,London,28.25547280523584,22.6,15.8,16.3,21.9,1.9
E09000002,2021,18.8,20.9,20.2,17.5,2.8,193.6,36.4,Barking and Dagenham,12.3,13.4,11.0,32.768,66465,London,29.128112540434817,16.1,15.2,15.2,17.2,1.7
E09000002,2022,24.3,20.6,23.5,16.5,2.5,189.0,45.9,Barking and Dagenham,17.3,14.1,13.0,32.768,66465,London,28.43601895734597,20.2,18.8,17.5,20.9,2.8
E09000002,2023,24.3,23.200000000000003,21.600000000000005,15.3,1.8,192.2,46.8,Barking and Dagenham,26.1,9.6,13.0,32.768,66465,London,28.917475362972993,23.5,24.3,16.5,20.6,2.5
E09000002,2024,17.2,13.300000000000002,18.6,14.899999999999999,2.9,209.4,36.0,Barking and Dagenham,21.2,18.7,14.0,32.768,66465,London,31.505303543218236,21.600000000000005,24.3,15.3,23.200000000000003,1.8
E09000002,2025,14.8,18.8,15.5,15.0,2.4,229.0,34.0,Barking and Dagenham,21.8,17.0,14.0,32.768,66465,London,34.45422402768374,18.6,17.2,14.899999999999999,13.300000000000002,2.9
E09000003,2017,18.6,32.1,22.4,19.9,1.2,139.5,26.0,Barnet,20.1,10.8,,16.148,93851,London,14.863986531843027,,,,,
E09000003,2018,21.9,28.7,28.4,17.2,1.9000000000000001,138.8,30.4,Barnet,18.4,9.9,,16.148,93851,London,14.789400219496864,22.4,18.6,19.9,32.1,1.2
E09000003,2019,14.8,33.1,34.9,13.1,1.2,139.2,20.6,Barnet,19.0,9.3,,16.148,93851,London,14.832020969408955,28.4,21.9,17.2,28.7,1.9000000000000001
E09000003,2020,11.7,39.2,39.5,11.5,2.5,139.6,16.3,Barnet,17.5,12.3,,16.148,93851,London,14.874641719321051,34.9,14.8,13.1,33.1,1.2
E09000003,2021,12.1,32.1,31.1,12.2,0.0,161.7,19.6,Barnet,18.6,17.5,9.0,16.148,93851,London,17.22943815196428,39.5,11.7,11.5,39.2,2.5
E09000003,2022,18.0,29.1,29.5,16.0,1.5,150.7,27.2,Barnet,14.9,13.4,11.0,16.148,93851,London,16.057367529381676,31.1,12.1,12.2,32.1,0.0
E09000003,2023,15.7,22.3,32.3,15.000000000000002,2.0,165.7,26.0,Barnet,15.3,12.7,11.0,16.148,93851,London,17.65564565108523,29.5,18.0,16.0,29.1,1.5
E09000003,2024,6.1,18.7,29.4,14.2,3.1,180.2,11.0,Barnet,13.2,20.7,9.0,16.148,93851,London,19.200647835398662,32.3,15.7,15.000000000000002,22.3,2.0
E09000003,2025,13.3,14.0,21.1,14.100000000000001,3.0000000000000004,187.3,25.0,Barnet,14.8,11.8,10.0,16.148,93851,London,19.957166146338345,29.4,6.1,14.2,18.7,3.1
E09000004,2017,9.0,12.100000000000001,16.2,14.700000000000001,1.8999999999999997,170.8,15.4,Bexley,22.9,15.2,,16.273,58724,London,29.08521217900688,,,,,
E09000004,2018,22.1,15.7,18.5,13.9,2.0,180.1,39.9,Bexley,22.0,14.2,,16.273,58724,London,30.668891764866153,16.2,9.0,14.700000000000001,12.100000000000001,1.8999999999999997
E09000004,2019,21.8,17.3,10.6,16.0,2.3,185.1,40.4,Bexley,21.8,25.8,,16.273,58724,London,31.520332402424902,18.5,22.1,13.9,15.7,2.0
E09000004,2020,23.1,14.0,10.1,16.4,1.5000000000000002,186.3,43.1,Bexley,17.9,12.4,,16.273,58724,London,31.724678155439005,10.6,21.8,16.0,17.3,2.3
E09000004,2021,22.400000000000002,9.2,10.5,14.7,2.2,187.3,42.0,Bexley,22.1,15.8,11.0,16.273,58724,London,31.89496628295075,10.1,23.1,16.4,14.0,1.5000000000000002
E09000004,2022,26.2,20.8,19.3,16.1,1.8000000000000003,175.2,45.9,Bexley,20.8,15.4,9.0,16.273,58724,London,29.83447994005858,10.5,22.400000000000002,14.7,9.2,2.2
E09000004,2023,18.1,16.5,16.0,13.9,1.2,198.8,36.0,Bexley,22.4,25.5,9.0,16.273,58724,London,33.853279749335876,19.3,26.2,16.1,20.8,1.8000000000000003
E09000004,2024,18.6,17.1,8.8,14.2,1.6,196.8,36.6,Bexley,27.1,21.3,15.0,16.273,58724,London,33.512703494312376,16.0,18.1,13.9,16.5,1.2
E09000004,2025,17.0,21.4,11.9,15.200000000000001,1.9000000000000001,185.7,31.5,Bexley,21.9,19.9,10.0,16.273,58724,London,31.62250527893195,8.8,18.6,14.2,17.1,1.6
E09000005,2017,21.8,34.0,34.0,,2.3,137.7,30.0,Brent,8.1,12.4,,25.558,75001,London,18.359755203263955,,,,,
E09000005,2018,26.0,37.1,37.4,14.5,1.6,115.5,30.0,Brent,16.1,10.7,,25.558,75001,London,15.39979466940441,34.0,21.8,,34.0,2.3
E09000005,2019,16.3,28.0,33.2,15.300000000000002,1.6,146.8,23.9,Brent,14.7,18.7,,25.558,75001,London,19.573072359035212,37.4,26.0,14.5,37.1,1.6
E09000005,2020,15.6,25.8,25.8,16.4,1.3,152.2,23.7,Brent,12.2,13.2,,25.558,75001,London,20.29306275916321,33.2,16.3,15.300000000000002,28.0,1.6
E09000005,2021,16.0,36.7,36.7,16.2,1.8999999999999997,152.1,24.3,Brent,14.2,16.2,13.0,25.558,75001,London,20.279729603605283,25.8,15.6,16.4,25.8,1.3
E09000005,2022,21.0,41.8,41.8,15.400000000000002,1.6,146.3,30.8,Brent,9.3,14.5,18.0,25.558,75001,London,19.506406581245585,36.7,16.0,16.2,36.7,1.8999999999999997
E09000005,2023,14.4,30.7,28.9,15.1,2.5,166.9,24.0,Brent,15.9,14.2,16.0,25.558,75001,London,22.253036626178318,41.8,21.0,15.400000000000002,41.8,1.6
E09000005,2024,11.3,21.7,21.7,15.2,3.0,180.5,20.4,Brent,16.7,12.5,16.0,25.558,75001,London,24.06634578205624,28.9,14.4,15.1,30.7,2.5
E09000005,2025,14.1,14.4,16.8,15.8,3.6,183.6,25.9,Brent,14.2,14.8,14.0,25.558,75001,London,24.47967360435194,21.7,11.3,15.2,21.7,3.0
E09000006,2017,37.2,56.6,47.5,13.3,5.1,90.6,33.7,Bromley,18.4,19.2,,14.163,73457,London,12.333746273329973,,,,,
E09000006,2018,1.9,31.200000000000003,33.0,14.700000000000001,2.6,156.6,3.0,Bromley,16.3,19.5,,14.163,73457,London,21.318594551914725,47.5,37.2,13.3,56.6,5.1
E09000006,2019,19.1,26.5,25.7,14.299999999999999,1.5,172.0,32.8,Bromley,14.4,15.9,,14.163,73457,London,23.415059150251167,33.0,1.9,14.700000000000001,31.200000000000003,2.6
E09000006,2020,18.6,24.4,17.6,15.3,1.8000000000000003,183.0,34.0,Bromley,21.3,15.2,,14.163,73457,London,24.912533863348628,25.7,19.1,14.299999999999999,26.5,1.5
E09000006,2021,17.6,23.300000000000004,17.9,13.8,2.4,188.0,33.0,Bromley,21.3,14.2,7.0,14.163,73457,London,25.593204187483835,17.6,18.6,15.3,24.4,1.8000000000000003
E09000006,2022,18.6,25.1,24.199999999999996,14.0,2.5,188.0,35.0,Bromley,20.1,19.5,11.0,14.163,73457,London,25.593204187483835,17.9,17.6,13.8,23.300000000000004,2.4
E09000006,2023,20.5,31.6,31.6,13.9,1.8000000000000003,188.3,38.7,Bromley,21.8,22.6,12.0,14.163,73457,London,25.634044406931945,24.199999999999996,18.6,14.0,25.1,2.5
E09000006,2024,13.6,18.8,12.7,14.0,2.6,220.4,30.0,Bromley,23.6,20.0,8.0,14.163,73457,London,30.003947887879985,31.6,20.5,13.9,31.6,1.8000000000000003
E09000006,2025,17.2,11.1,13.1,15.0,4.4,239.6,41.3,Bromley,23.8,21.2,11.0,14.163,73457,London,32.617721932559185,12.7,13.6,14.0,18.8,2.6
E09000007,2017,19.1,25.3,12.1,12.9,1.6,179.0,34.1,Camden,9.1,26.8,,20.131,35276,London,50.74271459349133,,,,,
E09000007,2018,19.2,22.4,16.3,14.399999999999999,2.0,182.4,35.0,Camden,12.6,19.3,,20.131,35276,London,51.70654269191518,12.1,19.1,12.9,25.3,1.6
E09000007,2019,15.1,23.100000000000005,11.199999999999998,14.699999999999998,1.2,199.5,30.1,Camden,9.5,25.9,,20.131,35276,London,56.55403106928223,16.3,19.2,14.399999999999999,22.4,2.0
E09000007,2020,16.3,6.4,12.7,14.6,1.8,189.0,30.8,Camden,8.7,25.6,,20.131,35276,London,53.57750311826738,11.199999999999998,15.1,14.699999999999998,23.100000000000005,1.2
E09000007,2021,18.5,13.5,13.6,16.1,1.3,185.6,34.3,Camden,10.6,29.7,7.0,20.131,35276,London,52.61367501984352,12.7,16.3,14.6,6.4,1.8
E09000007,2022,15.8,15.4,12.4,16.7,3.2,170.7,26.9,Camden,13.3,19.4,9.0,20.131,35276,London,48.3898401179272,13.6,18.5,16.1,13.5,1.3
E09000007,2023,16.1,22.9,14.100000000000001,12.399999999999999,2.0,172.2,27.8,Camden,14.0,27.7,9.0,20.131,35276,London,48.81505839664361,12.4,15.8,16.7,15.4,3.2
E09000007,2024,16.3,11.4,13.0,12.2,2.3,178.8,29.1,Camden,18.6,32.0,14.0,20.131,35276,London,50.686018822995806,14.100000000000001,16.1,12.399999999999999,22.9,2.0
E09000007,2025,19.5,10.6,9.4,11.2,1.6,185.2,36.1,Camden,18.3,21.9,10.0,20.131,35276,London,52.50028347885248,13.0,16.3,12.2,11.4,2.3
E09000008,2017,11.6,25.0,34.2,18.3,2.6,204.0,23.8,Croydon,18.5,14.6,,22.477,93945,London,21.71483314705413,,,,,
E09000008,2018,18.3,35.7,46.6,16.6,3.2,205.2,37.5,Croydon,20.0,16.7,,22.477,93945,London,21.842567459683856,34.2,11.6,18.3,25.0,2.6
E09000008,2019,22.300000000000004,35.9,38.5,14.7,1.6,237.6,53.0,Croydon,19.4,16.0,,22.477,93945,London,25.291393900686572,46.6,18.3,16.6,35.7,3.2
E09000008,2020,7.599999999999999,26.399999999999995,14.600000000000001,15.800000000000002,2.1,320.5,24.4,Croydon,17.9,15.3,,22.477,93945,London,34.11570599819043,38.5,22.300000000000004,14.7,35.9,1.6
E09000008,2021,33.7,18.8,15.3,14.899999999999999,2.2,294.4,99.2,Croydon,18.6,19.1,5.0,22.477,93945,London,31.3374846984938,14.600000000000001,7.599999999999999,15.800000000000002,26.399999999999995,2.1
E09000008,2022,20.6,31.2,21.9,15.100000000000001,3.5999999999999996,291.7,60.0,Croydon,18.9,22.8,6.0,22.477,93945,London,31.050082495076904,15.3,33.7,14.899999999999999,18.8,2.2
E09000008,2023,39.6,33.6,28.5,17.6,3.2,222.9,88.4,Croydon,19.6,24.0,7.0,22.477,93945,London,23.72664857097238,21.9,20.6,15.100000000000001,31.2,3.5999999999999996
E09000008,2024,15.4,32.4,30.8,16.0,4.0,260.3,40.0,Croydon,23.1,22.4,7.0,22.477,93945,London,27.707701314598967,28.5,39.6,17.6,33.6,3.2
E09000008,2025,12.9,19.2,18.9,19.1,4.1,294.9,38.0,Croydon,26.8,20.0,6.0,22.477,93945,London,31.390707328756186,30.8,15.4,16.0,32.4,4.0
E09000009,2017,10.7,22.2,18.5,15.8,3.0000000000000004,192.3,20.6,Ealing,15.7,15.3,,22.71,82360,London,23.34871296745993,,,,,
E09000009,2018,21.7,28.900000000000002,17.1,14.700000000000001,3.3000000000000003,187.0,40.5,Ealing,16.0,18.0,,22.71,82360,London,22.705196697425933,18.5,10.7,15.8,22.2,3.0000000000000004
E09000009,2019,20.899999999999995,14.1,18.1,15.2,3.2,200.3,41.9,Ealing,25.2,23.3,,22.71,82360,London,24.320058280718797,17.1,21.7,14.700000000000001,28.900000000000002,3.3000000000000003
E09000009,2020,18.0,30.3,25.9,14.0,2.8,188.8,33.9,Ealing,16.6,12.5,,22.71,82360,London,22.92374939290918,18.1,20.899999999999995,15.2,14.1,3.2
E09000009,2021,17.1,30.6,30.7,13.8,2.8,197.5,33.8,Ealing,19.3,23.6,12.0,22.71,82360,London,23.980087421078192,25.9,18.0,14.0,30.3,2.8
E09000009,2022,13.5,23.8,24.9,12.6,2.5,220.7,29.8,Ealing,18.7,19.0,14.0,22.71,82360,London,26.796988829528896,30.7,17.1,13.8,30.6,2.8
E09000009,2023,20.3,22.1,23.6,14.4,3.1,215.4,43.7,Ealing,17.5,20.6,13.0,22.71,82360,London,26.1534725594949,24.9,13.5,12.6,23.8,2.5
E09000009,2024,16.3,27.199999999999996,27.8,13.5,3.0,208.4,33.9,Ealing,17.7,21.5,10.0,22.71,82360,London,25.303545410393394,23.6,20.3,14.4,22.1,3.1
E09000009,2025,8.8,19.2,29.2,12.7,3.0,214.0,18.8,Ealing,19.5,15.1,13.0,22.71,82360,London,25.9834871296746,27.8,16.3,13.5,27.199999999999996,3.0
E09000010,2017,22.5,33.2,12.0,18.1,6.7,158.9,35.8,Enfield,18.7,16.7,,25.781,80331,London,19.78065752947181,,,,,
E09000010,2018,13.7,10.7,10.5,16.9,3.1,166.3,22.8,Enfield,16.8,15.4,,25.781,80331,London,20.70184611171279,12.0,22.5,18.1,33.2,6.7
E09000010,2019,18.9,17.3,15.4,15.8,2.7,172.6,32.6,Enfield,23.5,16.6,,25.781,80331,London,21.48610125605308,10.5,13.7,16.9,10.7,3.1
E09000010,2020,19.1,18.4,17.1,13.2,2.2,186.7,35.7,Enfield,29.8,18.4,,25.781,80331,London,23.241338960052783,15.4,18.9,15.8,17.3,2.7
E09000010,2021,18.7,15.600000000000001,13.5,17.6,4.0,184.1,34.5,Enfield,21.4,16.0,8.0,25.781,80331,London,22.91767810683298,17.1,19.1,13.2,18.4,2.2
E09000010,2022,18.1,9.5,13.5,14.0,3.1,201.2,36.5,Enfield,19.8,15.7,9.0,25.781,80331,London,25.046370641470915,13.5,18.7,17.6,15.600000000000001,4.0
E09000010,2023,13.1,13.1,15.8,14.9,2.9,213.1,28.0,Enfield,22.2,15.9,6.0,25.781,80331,London,26.527741469669245,13.5,18.1,14.0,9.5,3.1
E09000010,2024,12.7,9.699999999999998,15.4,12.6,2.6,213.3,27.0,Enfield,20.9,21.2,11.0,25.781,80331,London,26.55263845837846,15.8,13.1,14.9,13.1,2.9
E09000010,2025,11.0,7.1,7.9,12.0,2.1,235.4,25.8,Enfield,22.6,18.2,8.0,25.781,80331,London,29.30375571074679,15.4,12.7,12.6,9.699999999999998,2.6
E09000011,2017,22.0,14.6,12.4,15.4,2.2,216.0,47.6,Greenwich,12.7,11.8,,24.464,65325,London,33.065442020665905,,,,,
E09000011,2018,5.9,8.3,6.9,14.0,2.9,230.6,13.6,Greenwich,14.0,16.4,,24.464,65325,London,35.30042097206276,12.4,22.0,15.4,14.6,2.2
E09000011,2019,10.5,3.5,2.0,14.899999999999999,3.1000000000000005,245.1,25.8,Greenwich,15.6,20.3,,24.464,65325,London,37.52009184845006,6.9,5.9,14.0,8.3,2.9
E09000011,2020,16.5,8.6,6.5,14.4,2.3,228.3,37.6,Greenwich,15.3,13.5,,24.464,65325,London,34.94833524684271,2.0,10.5,14.899999999999999,3.5,3.1000000000000005
E09000011,2021,13.699999999999998,10.699999999999998,8.4,12.1,3.2000000000000006,224.5,30.8,Greenwich,14.1,19.7,9.0,24.464,65325,London,34.36662839647914,6.5,16.5,14.4,8.6,2.3
E09000011,2022,22.699999999999996,16.6,10.8,14.0,3.8999999999999995,198.0,44.9,Greenwich,16.5,19.6,10.0,24.464,65325,London,30.30998851894374,8.4,13.699999999999998,12.1,10.699999999999998,3.2000000000000006
E09000011,2023,10.1,18.6,15.8,12.200000000000001,3.1,219.1,22.2,Greenwich,15.5,14.5,8.0,24.464,65325,London,33.539992345962496,10.8,22.699999999999996,14.0,16.6,3.8999999999999995
E09000011,2024,12.2,17.1,16.1,11.5,3.5,226.7,27.6,Greenwich,15.1,19.8,9.0,24.464,65325,London,34.70340604668963,15.8,10.1,12.200000000000001,18.6,3.1
E09000011,2025,8.5,12.1,9.4,12.1,2.8,239.8,20.5,Greenwich,13.1,19.8,10.0,24.464,65325,London,36.708763872942974,16.1,12.2,11.5,17.1,3.5
E09000012,2017,12.1,21.4,26.700000000000003,19.4,2.5,165.1,20.0,Hackney,13.4,16.0,,32.526,54191,London,30.466313594508314,,,,,
E09000012,2018,12.4,20.1,27.600000000000005,17.3,1.5,170.6,21.2,Hackney,15.6,13.6,,32.526,54191,London,31.481242272702108,26.700000000000003,12.1,19.4,21.4,2.5
E09000012,2019,8.3,24.2,28.1,17.6,1.2,181.4,15.0,Hackney,16.3,23.4,,32.526,54191,London,33.47419313170084,27.600000000000005,12.4,17.3,20.1,1.5
E09000012,2020,15.900000000000002,22.6,32.3,16.4,0.9,178.2,28.4,Hackney,15.7,18.4,,32.526,54191,London,32.88368917347899,28.1,8.3,17.6,24.2,1.2
E09000012,2021,11.4,22.1,21.8,14.000000000000002,1.4,190.6,21.8,Hackney,,,11.0,32.526,54191,London,35.17189201158864,32.3,15.900000000000002,16.4,22.6,0.9
E09000012,2022,21.3,29.600000000000005,28.5,15.4,2.9,180.7,38.4,Hackney,,,14.0,32.526,54191,London,33.34502039083981,21.8,11.4,14.000000000000002,22.1,1.4
E09000012,2023,14.4,31.1,29.0,14.7,2.5,177.5,25.6,Hackney,10.0,17.1,15.0,32.526,54191,London,32.75451643261796,28.5,21.3,15.4,29.600000000000005,2.9
E09000012,2024,14.3,34.2,31.700000000000003,14.4,2.5,178.7,25.6,Hackney,19.9,20.8,14.0,32.526,54191,London,32.97595541695115,29.0,14.4,14.7,31.1,2.5
E09000012,2025,10.5,25.5,21.499999999999996,13.9,2.7,193.3,20.2,Hackney,19.9,18.4,13.0,32.526,54191,London,35.670129726338324,31.700000000000003,14.3,14.4,34.2,2.5
E09000013,2017,3.0,11.3,11.3,13.4,2.1,132.8,4.0,Hammersmith and Fulham,9.6,17.6,,22.27,31955,London,41.55844155844156,,,,,
E09000013,2018,26.2,11.0,11.0,12.9,1.0,137.5,36.0,Hammersmith and Fulham,14.4,22.4,,22.27,31955,London,43.02925989672977,11.3,3.0,13.4,11.3,2.1
E09000013,2019,13.4,15.0,18.9,16.1,1.0,141.4,19.0,Hammersmith and Fulham,6.9,14.0,,22.27,31955,London,44.249726177437026,11.0,26.2,12.9,11.0,1.0
E09000013,2020,16.1,8.9,9.9,13.300000000000002,1.9,154.1,24.8,Hammersmith and Fulham,8.9,27.9,,22.27,31955,London,48.22406509153497,18.9,13.4,16.1,15.0,1.0
E09000013,2021,21.3,12.9,12.9,14.3,3.4,135.5,28.8,Hammersmith and Fulham,13.3,21.3,9.0,22.27,31955,London,42.40337975277735,9.9,16.1,13.300000000000002,8.9,1.9
E09000013,2022,16.7,12.2,12.2,14.7,3.9,136.3,22.8,Hammersmith and Fulham,14.2,27.4,9.0,22.27,31955,London,42.65373181035832,12.9,21.3,14.3,12.9,3.4
E09000013,2023,16.5,10.4,12.5,13.5,3.3,147.1,24.2,Hammersmith and Fulham,14.9,19.6,6.0,22.27,31955,London,46.03348458770145,12.2,16.7,14.7,12.2,3.9
E09000013,2024,13.8,4.9,9.9,13.0,2.5,153.9,21.3,Hammersmith and Fulham,12.9,15.4,11.0,22.27,31955,London,48.16147707713973,12.5,16.5,13.5,10.4,3.3
E09000013,2025,8.6,3.2999999999999994,2.2,13.1,3.6,173.8,15.0,Hammersmith and Fulham,15.3,11.1,10.0,22.27,31955,London,54.38898450946644,9.9,13.8,13.0,4.9,2.5
E09000014,2017,25.7,28.3,28.8,19.0,1.8,156.7,40.2,Haringey,15.9,13.8,,27.956,53648,London,29.208917387414253,,,,,
E09000014,2018,26.2,35.4,30.799999999999997,18.1,2.3,140.6,36.9,Haringey,15.1,15.0,,27.956,53648,London,26.20787354607814,28.8,25.7,19.0,28.3,1.8
E09000014,2019,23.0,28.1,29.5,14.8,2.4,141.0,32.4,Haringey,21.1,10.2,,27.956,53648,London,26.28243364151506,30.799999999999997,26.2,18.1,35.4,2.3
E09000014,2020,18.5,31.8,31.8,15.4,2.6,169.1,31.2,Haringey,17.8,14.9,,27.956,53648,London,31.52028034595884,29.5,23.0,14.8,28.1,2.4
E09000014,2021,19.8,21.9,24.1,15.8,3.3,188.7,37.3,Haringey,16.6,23.4,9.0,27.956,53648,London,35.173725022368025,31.8,18.5,15.4,31.8,2.6
E09000014,2022,21.2,26.300000000000004,26.300000000000004,15.899999999999999,2.7,176.1,37.3,Haringey,16.7,16.9,12.0,27.956,53648,London,32.82508201610498,24.1,19.8,15.8,21.9,3.3
E09000014,2023,11.2,24.0,24.0,14.4,3.8,196.1,22.0,Haringey,17.9,18.3,10.0,27.956,53648,London,36.55308678795109,26.300000000000004,21.2,15.899999999999999,26.300000000000004,2.7
E09000014,2024,13.0,20.8,20.8,14.6,4.4,196.7,25.6,Haringey,18.4,23.6,10.0,27.956,53648,London,36.66492693110647,24.0,11.2,14.4,24.0,3.8
E09000014,2025,9.8,12.6,12.9,14.6,2.3,214.2,21.0,Haringey,18.7,24.9,7.0,27.956,53648,London,39.92693110647182,20.8,13.0,14.6,20.8,4.4
E09000015,2017,21.4,15.5,19.7,18.2,1.7,125.4,26.9,Harrow,13.4,17.6,,15.031,60452,London,20.74373056309138,,,,,
E09000015,2018,18.2,15.6,17.6,16.6,1.6,129.6,23.6,Harrow,14.1,17.3,,15.031,60452,London,21.438496658505922,19.7,21.4,18.2,15.5,1.7
E09000015,2019,19.3,19.1,21.2,18.3,2.4,126.7,24.4,Harrow,13.0,15.0,,15.031,60452,London,20.95877721167207,17.6,18.2,16.6,15.6,1.6
E09000015,2020,16.0,19.3,22.6,19.3,2.7,125.4,20.1,Harrow,13.0,22.4,,15.031,60452,London,20.74373056309138,21.2,19.3,18.3,19.1,2.4
E09000015,2021,16.2,15.1,20.7,15.799999999999999,2.8,134.5,21.8,Harrow,12.2,13.3,10.0,15.031,60452,London,22.249057103156225,22.6,16.0,19.3,19.3,2.7
E09000015,2022,20.3,15.4,26.3,17.7,3.6,131.5,26.7,Harrow,12.5,15.3,16.0,15.031,60452,London,21.752795606431548,20.7,16.2,15.799999999999999,15.1,2.8
E09000015,2023,19.2,16.0,16.6,18.1,3.1,136.0,26.2,Harrow,16.6,11.8,9.0,15.031,60452,London,22.49718785151856,26.3,20.3,17.7,15.4,3.6
E09000015,2024,28.9,34.8,37.099999999999994,14.7,5.0,112.4,32.5,Harrow,13.5,18.8,9.0,15.031,60452,London,18.593264077284456,16.6,19.2,18.1,16.0,3.1
E09000015,2025,19.5,39.2,39.8,13.7,4.9,102.5,20.0,Harrow,15.6,17.2,12.0,15.031,60452,London,16.95560113809303,37.099999999999994,28.9,14.7,34.8,5.0
E09000016,2017,12.2,21.5,31.7,14.4,1.8,118.8,14.5,Havering,12.3,14.8,,16.789,63777,London,18.62740486382238,,,,,
E09000016,2018,32.2,34.0,33.8,16.0,2.2,103.8,33.4,Havering,19.1,11.4,,16.789,63777,London,16.275459805258947,31.7,12.2,14.4,21.5,1.8
E09000016,2019,11.5,25.0,26.1,15.8,2.5,121.6,14.0,Havering,17.0,16.5,,16.789,63777,London,19.066434608087555,33.8,32.2,16.0,34.0,2.2
E09000016,2020,14.1,28.4,26.6,11.9,3.6,116.0,16.4,Havering,17.7,16.6,,16.789,63777,London,18.188375119557207,26.1,11.5,15.8,25.0,2.5
E09000016,2021,24.9,29.1,18.2,18.7,2.0,112.2,28.0,Havering,19.5,20.4,13.0,16.789,63777,London,17.59254903805447,26.6,14.1,11.9,28.4,3.6
E09000016,2022,26.2,38.0,32.1,20.0,6.3,107.8,28.2,Havering,22.2,22.5,10.0,16.789,63777,London,16.902645154209196,18.2,24.9,18.7,29.1,2.0
E09000016,2023,7.3,27.799999999999997,25.6,20.4,4.5,150.4,11.0,Havering,19.4,15.2,11.0,16.789,63777,London,23.582169120529347,32.1,26.2,20.0,38.0,6.3
E09000016,2024,22.2,41.9,40.0,18.9,2.9,149.8,33.2,Havering,17.4,23.0,10.0,16.789,63777,London,23.488091318186807,25.6,7.3,20.4,27.799999999999997,4.5
E09000016,2025,23.0,41.7,41.7,15.0,3.1,148.1,34.0,Havering,16.3,23.1,12.0,16.789,63777,London,23.221537544882953,40.0,22.2,18.9,41.9,2.9
E09000017,2017,21.6,45.7,38.1,17.2,1.3,114.2,24.6,Hillingdon,19.9,14.9,,18.223,75524,London,15.12102113235528,,,,,
E09000017,2018,18.8,36.9,33.2,16.8,2.1,124.7,23.4,Hillingdon,22.0,18.7,,18.223,75524,London,16.511307663788994,38.1,21.6,17.2,45.7,1.3
E09000017,2019,23.2,36.6,26.0,15.2,2.1,128.2,29.7,Hillingdon,25.4,16.1,,18.223,75524,London,16.974736507600234,33.2,18.8,16.8,36.9,2.1
E09000017,2020,12.9,33.2,23.5,15.0,2.3,137.1,17.6,Hillingdon,20.8,22.0,,18.223,75524,London,18.15316985329167,26.0,23.2,15.2,36.6,2.1
E09000017,2021,11.0,25.9,23.0,13.8,2.3,154.1,17.0,Hillingdon,23.0,21.4,10.0,18.223,75524,London,20.4041099518034,23.5,12.9,15.0,33.2,2.3
E09000017,2022,22.5,31.100000000000005,21.8,12.0,2.8,150.3,33.8,Hillingdon,18.1,27.3,8.0,18.223,75524,London,19.900958635665486,23.0,11.0,13.8,25.9,2.3
E09000017,2023,13.9,24.2,21.5,13.5,2.3,166.0,23.0,Hillingdon,17.5,21.6,5.0,18.223,75524,London,21.97976802076161,21.8,22.5,12.0,31.100000000000005,2.8
E09000017,2024,21.0,32.3,26.8,15.899999999999999,2.1,161.3,33.9,Hillingdon,19.5,24.5,11.0,18.223,75524,London,21.357449287643664,21.5,13.9,13.5,24.2,2.3
E09000017,2025,15.6,37.6,9.0,13.8,1.9,181.0,28.2,Hillingdon,20.9,15.1,9.0,18.223,75524,London,23.965891637095492,26.8,21.0,15.899999999999999,32.3,2.1
E09000018,2017,14.8,20.0,13.4,15.7,1.2,148.3,22.0,Hounslow,21.2,13.4,,21.487,67554,London,21.952808123871275,,,,,
E09000018,2018,14.799999999999999,20.3,20.2,17.1,0.9,162.0,24.0,Hounslow,15.3,15.6,,21.487,67554,London,23.980815347721823,13.4,14.8,15.7,20.0,1.2
E09000018,2019,14.700000000000001,12.6,11.6,15.799999999999999,1.5,167.0,24.6,Hounslow,18.0,14.1,,21.487,67554,London,24.72096396956509,20.2,14.799999999999999,17.1,20.3,0.9
E09000018,2020,27.8,19.6,15.8,14.3,1.3,143.7,40.0,Hounslow,17.3,18.5,,21.487,67554,London,21.271871391775466,11.6,14.700000000000001,15.799999999999999,12.6,1.5
E09000018,2021,16.1,19.1,17.1,15.8,2.8,155.0,25.0,Hounslow,21.8,25.2,12.0,21.487,67554,London,22.944607277141248,15.8,27.8,14.3,19.6,1.3
E09000018,2022,27.2,20.9,19.9,16.6,4.1,125.0,34.0,Hounslow,19.3,16.5,11.0,21.487,67554,London,18.503715546081654,17.1,16.1,15.8,19.1,2.8
E09000018,2023,15.900000000000002,21.6,21.1,14.8,1.8,138.0,22.0,Hounslow,20.7,19.7,13.0,21.487,67554,London,20.428101962874145,19.9,27.2,16.6,20.9,4.1
E09000018,2024,13.0,18.4,11.5,12.8,3.6,146.0,19.0,Hounslow,19.8,15.8,11.0,21.487,67554,London,21.61233975782337,21.1,15.900000000000002,14.8,21.6,1.8
E09000018,2025,13.399999999999999,17.7,12.7,13.9,3.1,158.4,21.3,Hounslow,12.1,20.5,11.0,21.487,67554,London,23.447908339994672,11.5,13.0,12.8,18.4,3.6
E09000019,2017,14.8,17.8,20.7,13.2,1.2,179.6,26.6,Islington,21.7,12.1,,27.535,35624,London,50.41545025825286,,,,,
E09000019,2018,8.7,12.6,12.6,14.0,1.9,214.4,18.6,Islington,10.3,15.7,,27.535,35624,London,60.18414551987424,20.7,14.8,13.2,17.8,1.2
E09000019,2019,12.9,15.5,13.1,13.200000000000001,1.6,223.6,28.9,Islington,17.1,20.9,,27.535,35624,London,62.766674152256904,12.6,8.7,14.0,12.6,1.9
E09000019,2020,4.1,16.2,8.3,11.4,2.0,253.2,10.5,Islington,17.4,18.3,,27.535,35624,London,71.07567931731417,13.1,12.9,13.200000000000001,15.5,1.6
E09000019,2021,11.5,11.9,16.6,12.5,0.8,265.8,30.7,Islington,17.5,10.5,16.0,27.535,35624,London,74.6126207051426,8.3,4.1,11.4,16.2,2.0
E09000019,2022,12.2,11.4,13.8,13.1,3.2,249.9,30.4,Islington,17.5,23.8,11.0,27.535,35624,London,70.14933752526387,16.6,11.5,12.5,11.9,0.8
E09000019,2023,16.1,22.0,15.5,10.8,1.8,245.4,39.4,Islington,16.1,24.0,10.0,27.535,35624,London,68.886144172468,13.8,12.2,13.1,11.4,3.2
E09000019,2024,18.3,27.4,25.1,10.7,1.8,238.8,43.7,Islington,15.9,26.7,12.0,27.535,35624,London,67.0334605883674,15.5,16.1,10.8,22.0,1.8
E09000019,2025,6.1,25.0,21.8,10.1,2.6,258.3,15.8,Islington,16.8,12.4,9.0,27.535,35624,London,72.50729845048282,25.1,18.3,10.7,27.4,1.8
E09000020,2017,7.800000000000001,6.6,3.4,11.9,0.9,141.5,11.0,Kensington and Chelsea,23.6,27.8,,21.526,22555,London,62.73553535801374,,,,,
E09000020,2018,16.4,6.5,4.0,12.6,0.2,143.1,23.4,Kensington and Chelsea,27.6,13.1,,21.526,22555,London,63.4449124362669,3.4,7.800000000000001,11.9,6.6,0.9
E09000020,2019,24.2,5.8,5.7,12.1,0.6,129.6,31.3,Kensington and Chelsea,24.7,21.8,,21.526,22555,London,57.459543338505874,4.0,16.4,12.6,6.5,0.2
E09000020,2020,11.0,5.0,2.5,10.8,0.9000000000000001,153.6,16.9,Kensington and Chelsea,27.4,,,21.526,22555,London,68.10019951230326,5.7,24.2,12.1,5.8,0.6
E09000020,2021,20.6,6.7,,12.9,1.7,139.9,28.8,Kensington and Chelsea,29.9,,,21.526,22555,London,62.026158279760594,2.5,11.0,10.8,5.0,0.9000000000000001
E09000020,2022,11.9,4.4,,13.5,2.5,172.6,20.6,Kensington and Chelsea,27.7,15.6,6.0,21.526,22555,London,76.52405231655952,,20.6,12.9,6.7,1.7
E09000020,2023,12.899999999999999,3.9,,11.6,2.8,173.2,22.4,Kensington and Chelsea,24.4,13.1,,21.526,22555,London,76.79006872090446,,11.9,13.5,4.4,2.5
E09000020,2024,11.5,2.7,,10.9,1.0,182.9,21.0,Kensington and Chelsea,20.3,9.9,9.0,21.526,22555,London,81.09066725781423,,12.899999999999999,11.6,3.9,2.8
E09000020,2025,,,,,,,,Kensington and Chelsea,21.0,13.6,18.0,21.526,22555,London,,,11.5,10.9,2.7,1.0
E09000022,2017,10.8,38.3,37.6,15.1,1.9000000000000001,164.5,17.8,Lambeth,15.9,18.8,,25.422,51454,London,31.97030357212267,,,,,
E09000022,2018,19.1,40.0,39.3,15.300000000000002,7.4,162.3,31.0,Lambeth,21.2,11.4,,25.422,51454,London,31.542737202161156,37.6,10.8,15.1,38.3,1.9000000000000001
E09000022,2019,20.3,37.2,35.5,15.099999999999998,4.4,160.5,32.6,Lambeth,18.5,19.0,,25.422,51454,London,31.19291017219264,39.3,19.1,15.300000000000002,40.0,7.4
E09000022,2020,18.4,36.7,35.5,12.6,3.0,165.6,30.4,Lambeth,20.5,16.1,,25.422,51454,London,32.18408675710343,35.5,20.3,15.099999999999998,37.2,4.4
E09000022,2021,16.2,33.8,31.8,13.6,4.5,188.1,30.5,Lambeth,19.2,19.9,10.0,25.422,51454,London,36.556924631709876,35.5,18.4,12.6,36.7,3.0
E09000022,2022,32.8,45.1,42.0,14.300000000000002,5.8,167.7,55.0,Lambeth,16.7,17.4,11.0,25.422,51454,London,32.5922182920667,31.8,16.2,13.6,33.8,4.5
E09000022,2023,26.3,55.3,46.5,14.999999999999998,3.7000000000000006,152.3,40.0,Lambeth,13.6,15.0,14.0,25.422,51454,London,29.599253702336068,42.0,32.8,14.300000000000002,45.1,5.8
E09000022,2024,20.9,43.6,43.6,11.5,3.6000000000000005,170.5,35.6,Lambeth,16.2,22.0,14.0,25.422,51454,London,33.136393672017725,46.5,26.3,14.999999999999998,55.3,3.7000000000000006
E09000022,2025,9.7,29.3,29.3,11.199999999999998,4.1,217.3,21.0,Lambeth,21.3,16.0,10.0,25.422,51454,London,42.23189645119913,43.6,20.9,11.5,43.6,3.6000000000000005
E09000023,2017,11.0,27.300000000000004,27.300000000000004,15.9,1.5999999999999999,162.3,17.8,Lewisham,12.1,15.0,,26.661,62052,London,26.155482498549606,,,,,
E09000023,2018,16.3,35.7,30.100000000000005,14.400000000000002,0.6,153.3,25.0,Lewisham,15.0,10.0,,26.661,62052,London,24.705086056855546,27.300000000000004,11.0,15.9,27.300000000000004,1.5999999999999999
E09000023,2019,14.899999999999999,36.1,28.9,14.5,2.6,175.1,26.1,Lewisham,14.5,12.6,,26.661,62052,London,28.218268548958935,30.100000000000005,16.3,14.400000000000002,35.7,0.6
E09000023,2020,15.4,39.7,29.700000000000003,15.299999999999999,4.0,160.9,24.8,Lewisham,17.6,24.2,,26.661,62052,London,25.929865274286083,28.9,14.899999999999999,14.5,36.1,2.6
E09000023,2021,10.6,37.7,23.9,15.099999999999998,2.9,168.9,17.9,Lewisham,19.1,18.3,8.0,26.661,62052,London,27.219106555791917,29.700000000000003,15.4,15.299999999999999,39.7,4.0
E09000023,2022,0.0,34.8,32.0,14.8,3.2,140.4,0.0,Lewisham,19.4,16.5,9.0,26.661,62052,London,22.626184490427384,23.9,10.6,15.099999999999998,37.7,2.9
E09000023,2023,17.0,33.5,33.5,13.7,1.7,196.5,33.4,Lewisham,20.1,22.0,9.0,26.661,62052,London,31.666988976987042,32.0,0.0,14.8,34.8,3.2
E09000023,2024,16.4,28.100000000000005,28.399999999999995,13.6,2.7000000000000006,199.5,32.6,Lewisham,19.5,20.3,11.0,26.661,62052,London,32.15045445755173,33.5,17.0,13.7,33.5,1.7
E09000023,2025,17.0,20.9,32.6,14.2,2.7,182.2,30.9,Lewisham,20.9,18.8,8.0,26.661,62052,London,29.36247018629536,28.399999999999995,16.4,13.6,28.100000000000005,2.7000000000000006
E09000024,2017,25.0,29.2,25.7,15.1,2.1,113.8,28.4,Merton,4.8,13.0,,14.649,47199,London,24.11068031102354,,,,,
E09000024,2018,14.9,17.399999999999995,18.9,17.7,1.9,121.2,18.1,Merton,9.1,13.0,,14.649,47199,London,25.678510137926654,25.7,25.0,15.1,29.2,2.1
E09000024,2019,21.1,19.5,38.4,12.4,1.6,78.5,16.6,Merton,18.3,17.2,,14.649,47199,London,16.631708298904638,18.9,14.9,17.7,17.399999999999995,1.9
E09000024,2020,29.6,15.700000000000001,18.2,16.8,2.2,107.6,31.8,Merton,22.5,24.2,,14.649,47199,London,22.797093158753363,38.4,21.1,12.4,19.5,1.6
E09000024,2021,30.6,37.0,33.4,14.4,3.0,93.8,28.7,Merton,17.8,20.1,9.0,14.649,47199,London,19.873302400474586,18.2,29.6,16.8,15.700000000000001,2.2
E09000024,2022,15.8,34.6,32.8,12.199999999999998,1.8,106.6,16.8,Merton,18.3,14.8,11.0,14.649,47199,London,22.585224263225918,33.4,30.6,14.4,37.0,3.0
E09000024,2023,15.1,24.4,21.8,15.1,2.3,122.2,18.4,Merton,21.3,25.1,11.0,14.649,47199,London,25.8903790334541,32.8,15.8,12.199999999999998,34.6,1.8
E09000024,2024,24.6,25.5,22.1,13.8,3.1,120.1,29.6,Merton,18.7,21.9,15.0,14.649,47199,London,25.445454352846458,21.8,15.1,15.1,24.4,2.3
E09000024,2025,21.9,28.8,22.2,15.3,3.8,114.0,25.0,Merton,21.3,30.4,7.0,14.649,47199,London,24.15305409012903,22.1,24.6,13.8,25.5,3.1
E09000025,2017,16.0,15.1,27.499999999999996,17.5,1.5,168.8,27.0,Newham,18.2,9.1,,29.577,84408,London,19.998104445076297,,,,,
E09000025,2018,24.1,29.7,33.2,17.9,5.3,161.2,38.8,Newham,13.1,8.3,,29.577,84408,London,19.097715856316935,27.499999999999996,16.0,17.5,15.1,1.5
E09000025,2019,26.6,49.6,43.7,20.0,2.2,150.5,40.0,Newham,19.9,13.8,,29.577,84408,London,17.830063501089946,33.2,24.1,17.9,29.7,5.3
E09000025,2020,30.2,55.1,53.4,16.6,2.8,135.0,40.7,Newham,14.7,10.8,,29.577,84408,London,15.993744668751775,43.7,26.6,20.0,49.6,2.2
E09000025,2021,15.5,50.2,48.4,15.300000000000002,3.9000000000000004,151.5,23.5,Newham,15.8,8.6,9.0,29.577,84408,London,17.948535683821436,53.4,30.2,16.6,55.1,2.8
E09000025,2022,13.8,51.6,44.6,14.1,1.3,145.2,20.0,Newham,14.7,16.7,11.0,29.577,84408,London,17.202160932613022,48.4,15.5,15.300000000000002,50.2,3.9000000000000004
E09000025,2023,12.799999999999999,37.7,35.2,15.8,1.4,178.4,22.8,Newham,15.8,13.0,13.0,29.577,84408,London,21.135437399298645,44.6,13.8,14.1,51.6,1.3
E09000025,2024,11.0,24.1,24.4,15.1,2.6,235.9,26.0,Newham,16.3,18.4,12.0,29.577,84408,London,27.947587906359587,35.2,12.799999999999999,15.8,37.7,1.4
E09000025,2025,11.0,24.8,24.8,14.7,3.7,254.0,28.0,Newham,14.9,17.7,11.0,29.577,84408,London,30.091934413799642,24.4,11.0,15.1,24.1,2.6
E09000026,2017,18.9,21.5,16.8,16.1,3.1,158.2,29.9,Redbridge,17.7,7.2,,17.203,78171,London,20.2376840516304,,,,,
E09000026,2018,28.1,24.9,20.8,16.4,1.9000000000000001,140.7,39.5,Redbridge,15.4,12.0,,17.203,78171,London,17.99900218751199,16.8,18.9,16.1,21.5,3.1
E09000026,2019,29.1,23.9,11.4,17.9,2.0,152.6,44.4,Redbridge,17.4,16.8,,17.203,78171,London,19.52130585511251,20.8,28.1,16.4,24.9,1.9000000000000001
E09000026,2020,31.499999999999996,25.0,9.1,16.5,1.7,146.2,46.0,Redbridge,19.0,16.2,,17.203,78171,London,18.70258791623492,11.4,29.1,17.9,23.9,2.0
E09000026,2021,28.400000000000002,15.8,12.0,15.900000000000002,1.4,165.3,46.9,Redbridge,21.0,24.4,7.0,17.203,78171,London,21.14594926507273,9.1,31.499999999999996,16.5,25.0,1.7
E09000026,2022,23.300000000000004,12.8,7.1,15.8,2.2,178.0,41.5,Redbridge,18.2,15.3,8.0,17.203,78171,London,22.77059267503294,12.0,28.400000000000002,15.900000000000002,15.8,1.4
E09000026,2023,27.0,15.3,9.1,15.1,2.4,186.6,50.3,Redbridge,18.8,21.4,4.0,17.203,78171,London,23.8707449053997,7.1,23.300000000000004,15.8,12.8,2.2
E09000026,2024,23.0,18.7,7.8,16.3,2.4,184.9,42.5,Redbridge,15.2,13.9,11.0,17.203,78171,London,23.65327295288534,9.1,27.0,15.1,15.3,2.4
E09000026,2025,18.2,13.599999999999998,8.0,14.3,2.8999999999999995,190.5,34.6,Redbridge,16.8,15.1,11.0,17.203,78171,London,24.36965114940323,7.8,23.0,16.3,18.7,2.4
E09000028,2017,16.6,18.3,23.6,14.5,1.5,236.5,39.4,Southwark,18.1,16.7,,25.811,55626,London,42.51608959838924,,,,,
E09000028,2018,16.6,19.6,23.9,15.8,2.3,229.0,38.0,Southwark,13.1,17.3,,25.811,55626,London,41.167799230575625,23.6,16.6,14.5,18.3,1.5
E09000028,2019,18.7,27.200000000000003,28.6,12.3,1.9000000000000001,243.2,45.5,Southwark,15.2,16.8,,25.811,55626,London,43.7205623269694,23.9,16.6,15.8,19.6,2.3
E09000028,2020,21.2,17.9,32.4,13.7,1.1,265.5,56.2,Southwark,16.0,19.4,,25.811,55626,London,47.72947902060187,28.6,18.7,12.3,27.200000000000003,1.9000000000000001
E09000028,2021,21.6,25.4,30.100000000000005,14.700000000000001,1.7999999999999998,284.8,61.4,Southwark,19.4,17.9,11.0,25.811,55626,London,51.19907956710891,32.4,21.2,13.7,17.9,1.1
E09000028,2022,21.4,23.2,30.799999999999997,13.6,2.1,294.6,63.1,Southwark,16.4,18.6,9.0,25.811,55626,London,52.96084564771869,30.100000000000005,21.6,14.700000000000001,25.4,1.7999999999999998
E09000028,2023,10.5,23.6,25.099999999999998,13.000000000000002,1.8,330.8,34.7,Southwark,20.0,29.3,13.0,25.811,55626,London,59.4685938230324,30.799999999999997,21.4,13.6,23.2,2.1
E09000028,2024,14.4,23.4,20.1,12.900000000000002,1.9,318.1,45.8,Southwark,22.0,24.9,15.0,25.811,55626,London,57.185488800201355,25.099999999999998,10.5,13.000000000000002,23.6,1.8
E09000028,2025,12.8,17.9,14.8,12.3,1.0,347.9,44.5,Southwark,17.0,27.6,12.0,25.811,55626,London,62.542695861647424,20.1,14.4,12.900000000000002,23.4,1.9
E09000029,2017,22.5,21.2,31.8,12.9,0.8,111.3,25.0,Sutton,19.6,15.5,,13.987,50854,London,21.886183977661542,,,,,
E09000029,2018,25.5,30.3,27.5,15.9,2.8,110.5,28.1,Sutton,19.2,19.1,,13.987,50854,London,21.728870885279427,31.8,22.5,12.9,21.2,0.8
E09000029,2019,17.6,14.2,23.9,12.7,2.1,127.1,22.3,Sutton,22.7,29.2,,13.987,50854,London,24.993117552208282,27.5,25.5,15.9,30.3,2.8
E09000029,2020,17.5,17.0,17.0,13.4,2.5,126.6,22.1,Sutton,27.6,23.9,,13.987,50854,London,24.89479686946946,23.9,17.6,12.7,14.2,2.1
E09000029,2021,16.5,23.5,24.9,12.4,1.9,120.5,19.8,Sutton,29.8,20.9,10.0,13.987,50854,London,23.695284540055845,17.0,17.5,13.4,17.0,2.5
E09000029,2022,18.4,34.9,14.1,14.2,2.5,128.2,23.6,Sutton,23.0,21.9,11.0,13.987,50854,London,25.209423054233685,24.9,16.5,12.4,23.5,1.9
E09000029,2023,16.0,35.1,,14.5,4.5,127.1,20.3,Sutton,14.3,32.3,20.0,13.987,50854,London,24.993117552208282,14.1,18.4,14.2,34.9,2.5
E09000029,2024,18.2,21.6,16.7,14.4,3.0000000000000004,119.9,21.8,Sutton,12.6,30.6,14.0,13.987,50854,London,23.57729972076926,,16.0,14.5,35.1,4.5
E09000029,2025,34.9,29.5,25.8,14.0,3.9,100.5,35.1,Sutton,18.3,21.7,10.0,13.987,50854,London,19.762457230503006,16.7,18.2,14.4,21.6,3.0000000000000004
E09000030,2017,26.6,37.1,49.2,19.3,3.2,201.5,53.6,Tower Hamlets,13.7,12.2,,27.913,63073,London,31.94710890555388,,,,,
E09000030,2018,14.899999999999999,35.2,35.2,16.4,2.5,215.1,32.0,Tower Hamlets,14.0,11.9,,27.913,63073,London,34.10334057362104,49.2,26.6,19.3,37.1,3.2
E09000030,2019,13.2,25.7,28.8,13.9,2.9,240.0,31.7,Tower Hamlets,20.5,24.3,,27.913,63073,London,38.051147083538126,35.2,14.899999999999999,16.4,35.2,2.5
E09000030,2020,13.3,20.7,21.5,14.6,2.6,256.0,34.1,Tower Hamlets,23.4,20.3,,27.913,63073,London,40.58789022244066,28.8,13.2,13.9,25.7,2.9
E09000030,2021,12.5,24.0,25.0,14.2,2.8,259.4,32.4,Tower Hamlets,22.8,17.6,8.0,27.913,63073,London,41.126948139457454,21.5,13.3,14.6,20.7,2.6
E09000030,2022,12.2,24.0,23.8,12.2,2.2,268.8,32.9,Tower Hamlets,23.9,18.7,10.0,27.913,63073,London,42.617284733562705,25.0,12.5,14.2,24.0,2.8
E09000030,2023,12.9,22.8,23.6,13.3,3.0,270.5,34.8,Tower Hamlets,25.6,30.5,12.0,27.913,63073,London,42.886813692071094,23.8,12.2,12.2,24.0,2.2
E09000030,2024,8.1,14.7,22.9,11.9,3.1,278.6,22.6,Tower Hamlets,19.1,28.4,10.0,27.913,63073,London,44.1710399061405,23.6,12.9,13.3,22.8,3.0
E09000030,2025,8.6,19.9,21.2,13.1,2.8,282.6,24.4,Tower Hamlets,24.5,19.3,8.0,27.913,63073,London,44.805225690866145,22.9,8.1,11.9,14.7,3.1
E09000031,2017,14.5,22.5,22.5,17.0,2.1,134.5,19.5,Waltham Forest,11.8,16.0,,25.209,62664,London,21.46367930550236,,,,,
E09000031,2018,23.0,30.5,30.5,17.1,2.3,125.1,28.8,Waltham Forest,13.4,24.1,,25.209,62664,London,19.96361547299885,22.5,14.5,17.0,22.5,2.1
E09000031,2019,12.9,0.0,26.6,19.2,1.7,131.3,17.0,Waltham Forest,14.6,15.6,,25.209,62664,London,20.95301927741606,30.5,23.0,17.1,30.5,2.3
E09000031,2020,18.7,0.0,30.1,16.3,2.4,139.1,26.0,Waltham Forest,19.3,17.6,,25.209,62664,London,22.19775309587642,26.6,12.9,19.2,0.0,1.7
E09000031,2021,23.2,30.1,30.1,17.3,1.3,141.4,32.8,Waltham Forest,20.3,20.6,8.0,25.209,62664,London,22.56478999106345,30.1,18.7,16.3,0.0,2.4
E09000031,2022,19.3,33.9,33.8,17.0,2.6,140.2,27.0,Waltham Forest,20.5,13.6,11.0,25.209,62664,London,22.373292480531084,30.1,23.2,17.3,30.1,1.3
E09000031,2023,11.7,32.6,32.6,17.0,1.1,144.9,17.0,Waltham Forest,22.8,15.2,9.0,25.209,62664,London,23.12332439678284,33.8,19.3,17.0,33.9,2.6
E09000031,2024,9.3,28.599999999999998,28.599999999999998,15.499999999999998,1.5,155.1,14.5,Waltham Forest,22.0,19.4,12.0,25.209,62664,London,24.75105323630793,32.6,11.7,17.0,32.6,1.1
E09000031,2025,13.4,15.7,15.4,16.3,2.7,166.9,22.4,Waltham Forest,19.1,31.5,11.0,25.209,62664,London,26.63411208987617,28.599999999999998,9.3,15.499999999999998,28.599999999999998,1.5
E09000032,2017,19.9,25.4,38.6,15.299999999999999,1.6,159.5,31.7,Wandsworth,21.9,14.5,,16.611,58730,London,27.158181508598673,,,,,
E09000032,2018,31.8,36.8,35.2,17.4,0.6,150.4,47.8,Wandsworth,24.3,12.6,,16.611,58730,London,25.608717861399626,38.6,19.9,15.299999999999999,25.4,1.6
E09000032,2019,20.5,34.7,28.100000000000005,14.600000000000001,1.4,172.6,35.3,Wandsworth,21.2,19.2,,16.611,58730,London,29.388728077643453,35.2,31.8,17.4,36.8,0.6
E09000032,2020,24.4,42.5,31.4,14.199999999999998,2.5,167.3,40.8,Wandsworth,25.5,20.4,,16.611,58730,London,28.486293206197857,28.100000000000005,20.5,14.600000000000001,34.7,1.4
E09000032,2021,22.4,25.2,19.1,9.8,3.1,206.3,46.3,Wandsworth,24.6,16.3,9.0,16.611,58730,London,35.126851694193775,31.4,24.4,14.199999999999998,42.5,2.5
E09000032,2022,40.6,27.0,20.5,11.8,3.2,174.6,70.8,Wandsworth,16.9,24.1,13.0,16.611,58730,London,29.72926953856632,19.1,22.4,9.8,25.2,3.1
E09000032,2023,15.1,19.1,15.300000000000002,10.3,2.0,192.0,29.0,Wandsworth,18.0,31.7,11.0,16.611,58730,London,32.69198024859527,20.5,40.6,11.8,27.0,3.2
E09000032,2024,17.3,18.6,8.7,13.3,2.8,183.8,31.8,Wandsworth,20.6,41.8,10.0,16.611,58730,London,31.295760258811512,15.300000000000002,15.1,10.3,19.1,2.0
E09000032,2025,15.1,16.5,5.4,13.1,2.7,192.6,29.0,Wandsworth,17.9,20.7,12.0,16.611,58730,London,32.79414268687213,8.7,17.3,13.3,18.6,2.8
E09000033,2017,16.4,15.2,15.2,16.5,2.0,122.3,20.0,Westminster,10.7,4.9,,20.339,29834,London,40.99349735201448,,,,,
E09000033,2018,25.1,10.8,8.9,12.7,0.7,123.4,31.0,Westminster,15.0,,,20.339,29834,London,41.36220419655427,15.2,16.4,16.5,15.2,2.0
E09000033,2019,11.1,5.7,6.4,12.3,1.5,131.4,14.6,Westminster,16.7,,,20.339,29834,London,44.043708520479996,8.9,25.1,12.7,10.8,0.7
E09000033,2020,7.7,7.9,3.0,9.4,2.6,129.1,10.0,Westminster,15.6,,,20.339,29834,London,43.27277602735134,6.4,11.1,12.3,5.7,1.5
E09000033,2021,16.0,8.1,0.7,12.7,1.6,135.9,21.8,Westminster,24.5,,5.0,20.339,29834,London,45.55205470268821,3.0,7.7,9.4,7.9,2.6
E09000033,2022,14.1,5.7,,8.6,6.4,149.5,21.1,Westminster,18.9,12.5,4.0,20.339,29834,London,50.11061205336193,0.7,16.0,12.7,8.1,1.6
E09000033,2023,14.699999999999998,2.0,,11.8,2.8,148.2,21.8,Westminster,18.9,,10.0,20.339,29834,London,49.674867600724,,14.1,8.6,5.7,6.4
E09000033,2024,16.7,0.7,,12.2,2.8,148.4,24.8,Westminster,15.6,14.2,12.0,20.339,29834,London,49.741905208822146,,14.699999999999998,11.8,2.0,2.8
E09000033,2025,,,,,,,,Westminster,18.6,7.6,10.0,20.339,29834,London,,,16.7,12.2,0.7,2.8
E10000003,2017,19.5,12.3,8.9,17.5,2.2,256.2,49.9,Cambridgeshire,17.5,18.1,,13.858,142924,East of England,17.92561081413898,,,,,
E10000003,2018,17.9,13.7,11.2,17.2,5.0,245.0,44.0,Cambridgeshire,16.4,24.3,,13.858,142924,East of England,17.141977554504493,8.9,19.5,17.5,12.3,2.2
E10000003,2019,19.7,15.200000000000001,13.3,14.3,1.8,272.7,53.6,Cambridgeshire,20.0,17.9,,13.858,142924,East of England,19.080070526993367,11.2,17.9,17.2,13.7,5.0
E10000003,2020,18.3,13.8,9.2,9.7,1.5,256.0,46.9,Cambridgeshire,22.9,23.2,,13.858,142924,East of England,17.911617363074082,13.3,19.7,14.3,15.200000000000001,1.8
E10000003,2021,21.9,24.6,12.999999999999998,17.5,2.8,221.1,48.5,Cambridgeshire,26.0,22.9,9.0,13.858,142924,East of England,15.469760152248748,9.2,18.3,9.7,13.8,1.5
E10000003,2022,22.4,25.0,15.8,18.3,2.3,215.0,48.1,Cambridgeshire,22.3,22.8,12.0,13.858,142924,East of England,15.042959894769247,12.999999999999998,21.9,17.5,24.6,2.8
E10000003,2023,15.7,29.800000000000004,25.8,15.8,,211.2,33.1,Cambridgeshire,19.7,25.0,9.0,13.858,142924,East of England,14.777084324536116,15.8,22.4,18.3,25.0,2.3
E10000003,2024,11.800000000000002,17.2,22.4,17.2,2.2,228.9,26.9,Cambridgeshire,30.2,25.2,9.0,13.858,142924,East of England,16.01550474377991,25.8,15.7,15.8,29.800000000000004,
E10000003,2025,17.2,13.7,13.4,15.2,3.3,240.0,41.3,Cambridgeshire,29.2,25.9,11.0,13.858,142924,East of England,16.792141277881953,22.4,11.800000000000002,17.2,17.2,2.2
E10000007,2017,14.899999999999999,18.9,4.3,21.0,3.2,326.6,48.6,Derbyshire,18.9,18.3,,18.392,156155,East Midlands,20.915116390765586,,,,,
E10000007,2018,12.299999999999999,24.7,9.3,19.1,3.4,357.4,44.0,Derbyshire,18.7,20.0,,18.392,156155,East Midlands,22.88751560949057,4.3,14.899999999999999,21.0,18.9,3.2
E10000007,2019,17.0,14.9,15.2,19.6,3.0,395.0,67.3,Derbyshire,22.3,21.4,,18.392,156155,East Midlands,25.2953795907912,9.3,12.299999999999999,19.1,24.7,3.4
E10000007,2020,14.2,11.5,7.700000000000001,20.3,1.8,407.6,57.7,Derbyshire,26.0,22.9,,18.392,156155,East Midlands,26.102270180269606,15.2,17.0,19.6,14.9,3.0
E10000007,2021,17.0,9.6,7.1,17.5,2.1,424.8,72.1,Derbyshire,26.3,21.4,9.0,18.392,156155,East Midlands,27.203739873843297,7.700000000000001,14.2,20.3,11.5,1.8
E10000007,2022,13.7,11.5,8.8,18.5,3.7,418.7,57.5,Derbyshire,28.1,27.8,12.0,18.392,156155,East Midlands,26.813102366238674,7.1,17.0,17.5,9.6,2.1
E10000007,2023,19.7,11.5,11.2,17.7,4.1,416.2,82.2,Derbyshire,26.6,22.2,12.0,18.392,156155,East Midlands,26.65300502705645,8.8,13.7,18.5,11.5,3.7
E10000007,2024,15.7,13.9,10.0,17.5,2.7,410.2,64.2,Derbyshire,29.9,25.3,9.0,18.392,156155,East Midlands,26.268771413019117,11.2,19.7,17.7,11.5,4.1
E10000007,2025,11.3,9.899999999999999,8.6,17.1,4.0,431.9,48.6,Derbyshire,28.9,24.3,12.0,18.392,156155,East Midlands,27.65841631712081,10.0,15.7,17.5,13.9,2.7
E10000008,2017,18.8,20.6,13.7,19.3,8.4,294.1,55.2,Devon,20.7,24.7,,16.607,148164,South West,19.84962609000837,,,,,
E10000008,2018,14.7,19.2,15.3,19.6,3.2,316.7,46.6,Devon,18.8,26.4,,16.607,148164,South West,21.37496287897195,13.7,18.8,19.3,20.6,8.4
E10000008,2019,15.799999999999999,19.2,23.2,13.1,3.1999999999999997,334.0,52.7,Devon,19.2,20.0,,16.607,148164,South West,22.54258794309009,15.3,14.7,19.6,19.2,3.2
E10000008,2020,12.7,23.2,26.100000000000005,13.5,3.3000000000000003,334.3,42.6,Devon,17.2,23.0,,16.607,148164,South West,22.56283577657191,23.2,15.799999999999999,13.1,19.2,3.1999999999999997
E10000008,2021,15.8,22.2,21.8,17.8,3.7,319.5,50.4,Devon,18.8,28.2,13.0,16.607,148164,South West,21.56394265813558,26.100000000000005,12.7,13.5,23.2,3.3000000000000003
E10000008,2022,14.1,23.0,26.4,18.3,3.5,317.5,44.9,Devon,19.5,25.0,12.0,16.607,148164,South West,21.42895710159013,21.8,15.8,17.8,22.2,3.7
E10000008,2023,22.9,21.7,31.600000000000005,16.7,3.0,313.0,71.6,Devon,26.4,26.7,14.0,16.607,148164,South West,21.12523959936287,26.4,14.1,18.3,23.0,3.5
E10000008,2024,11.8,24.5,30.000000000000004,14.499999999999998,2.6,354.4,41.9,Devon,21.9,29.6,15.0,16.607,148164,South West,23.919440619853674,31.600000000000005,22.9,16.7,21.7,3.0
E10000008,2025,14.199999999999998,20.0,24.3,15.799999999999999,3.1999999999999997,367.1,52.0,Devon,19.7,30.1,14.0,16.607,148164,South West,24.776598903917282,30.000000000000004,11.8,14.499999999999998,24.5,2.6
E10000011,2017,0.0,2.8,0.3,16.4,2.5,298.1,0.0,East Sussex,14.9,28.3,,19.77,104428,South East,28.545983835752864,,,,,
E10000011,2018,9.5,4.0,0.3,16.6,2.4,313.4,29.8,East Sussex,17.7,25.0,,19.77,104428,South East,30.01110813191864,0.3,0.0,16.4,2.8,2.5
E10000011,2019,9.7,2.2,0.0,16.1,2.2,313.5,30.5,East Sussex,18.9,21.9,,19.77,104428,South East,30.020684107710576,0.3,9.5,16.6,4.0,2.4
E10000011,2020,6.3,1.8,0.3,17.7,2.6,323.7,20.3,East Sussex,18.3,25.0,,19.77,104428,South East,30.99743363848776,0.0,9.7,16.1,2.2,2.2
E10000011,2021,11.2,4.6,0.3,16.4,2.1,331.3,37.1,East Sussex,20.6,25.9,14.0,19.77,104428,South East,31.725207798674685,0.3,6.3,17.7,1.8,2.6
E10000011,2022,7.9,5.0,1.5,16.3,3.3,338.5,26.8,East Sussex,16.1,31.3,10.0,19.77,104428,South East,32.41467805569388,0.3,11.2,16.4,4.6,2.1
E10000011,2023,8.1,3.9000000000000004,3.2,13.899999999999999,3.1,368.2,29.9,East Sussex,16.4,26.7,16.0,19.77,104428,South East,35.258742865898036,1.5,7.9,16.3,5.0,3.3
E10000011,2024,8.1,1.3,1.3,13.8,2.9,386.3,31.4,East Sussex,15.1,27.0,15.0,19.77,104428,South East,36.99199448423794,3.2,8.1,13.899999999999999,3.9000000000000004,3.1
E10000011,2025,8.0,1.9,0.3,13.5,3.8,370.0,29.5,East Sussex,16.6,32.3,11.0,19.77,104428,South East,35.431110430152835,1.3,8.1,13.8,1.3,2.9
E10000012,2017,8.5,12.0,4.5,14.099999999999998,1.9,745.9,63.5,Essex,21.0,17.1,,17.016,329197,East of England,22.658165171614563,,,,,
E10000012,2018,11.8,13.300000000000002,3.0999999999999996,14.0,2.6,787.6,93.3,Essex,16.6,18.9,,17.016,329197,East of England,23.92488388411802,4.5,8.5,14.099999999999998,12.0,1.9
E10000012,2019,14.700000000000001,19.6,4.4,14.2,2.3,786.4,115.5,Essex,19.0,17.2,,17.016,329197,East of England,23.888431547067558,3.0999999999999996,11.8,14.0,13.300000000000002,2.6
E10000012,2020,14.2,13.2,5.1,13.1,2.0,805.6,114.6,Essex,19.0,18.6,,17.016,329197,East of England,24.47166893987491,4.4,14.700000000000001,14.2,19.6,2.3
E10000012,2021,12.000000000000002,10.5,2.8,12.6,1.7,868.2,104.3,Essex,18.5,24.3,11.0,17.016,329197,East of England,26.373265856007194,5.1,14.2,13.1,13.2,2.0
E10000012,2022,9.9,6.9,1.5,13.6,2.3000000000000003,918.1,91.1,Essex,19.7,18.7,11.0,17.016,329197,East of England,27.889075538355453,2.8,12.000000000000002,12.6,10.5,1.7
E10000012,2023,15.9,6.2,2.2,13.5,2.2,895.9,142.2,Essex,13.4,25.4,15.0,17.016,329197,East of England,27.21470730292196,1.5,9.9,13.6,6.9,2.3000000000000003
E10000012,2024,16.1,4.9,1.1,13.8,2.7,904.3,145.6,Essex,16.8,22.8,11.0,17.016,329197,East of England,27.469873662275173,2.2,15.9,13.5,6.2,2.2
E10000012,2025,8.4,5.3,1.3,13.6,2.9999999999999996,884.3,74.4,Essex,15.4,24.4,14.0,17.016,329197,East of England,26.862334711434187,1.1,16.1,13.8,4.9,2.7
E10000013,2017,17.0,18.4,22.3,16.2,2.8,278.8,47.3,Gloucestershire,24.8,26.2,,14.932,133163,South West,20.93674669390146,,,,,
E10000013,2018,21.1,34.0,39.9,15.599999999999998,3.5,264.0,55.6,Gloucestershire,29.0,24.1,,14.932,133163,South West,19.825326855057337,22.3,17.0,16.2,18.4,2.8
E10000013,2019,9.7,23.3,28.6,13.700000000000001,2.7,332.3,32.2,Gloucestershire,28.8,28.5,,14.932,133163,South West,24.954379219452854,39.9,21.1,15.599999999999998,34.0,3.5
E10000013,2020,11.099999999999998,15.7,21.5,14.4,2.0,371.8,41.4,Gloucestershire,30.0,29.8,,14.932,133163,South West,27.92066865420575,28.6,9.7,13.700000000000001,23.3,2.7
E10000013,2021,18.0,15.800000000000002,23.9,15.0,3.2,360.7,65.0,Gloucestershire,30.2,29.9,16.0,14.932,133163,South West,27.087103775072656,21.5,11.099999999999998,14.4,15.7,2.0
E10000013,2022,21.6,21.2,29.800000000000004,15.0,2.9,339.3,73.4,Gloucestershire,24.5,28.9,13.0,14.932,133163,South West,25.4800507648521,23.9,18.0,15.0,15.800000000000002,3.2
E10000013,2023,11.7,21.4,26.700000000000003,13.9,2.5,354.1,41.5,Gloucestershire,27.2,26.6,15.0,14.932,133163,South West,26.591470603696223,29.800000000000004,21.6,15.0,21.2,2.9
E10000013,2024,10.599999999999998,10.9,17.6,13.2,2.8,403.7,42.9,Gloucestershire,21.5,34.9,13.0,14.932,133163,South West,30.316228982525175,26.700000000000003,11.7,13.9,21.4,2.5
E10000013,2025,10.9,10.8,10.199999999999998,13.1,2.3,430.1,46.7,Gloucestershire,22.4,31.2,12.0,14.932,133163,South West,32.29876166803091,17.6,10.599999999999998,13.2,10.9,2.8
E10000014,2017,17.5,15.400000000000002,14.7,22.8,3.4,389.4,68.1,Hampshire,30.7,24.3,,12.693,288730,South East,13.486648425864994,,,,,
E10000014,2018,12.5,11.9,18.6,19.0,2.6,462.7,58.0,Hampshire,29.6,23.0,,12.693,288730,South East,16.02535240536141,14.7,17.5,22.8,15.400000000000002,3.4
E10000014,2019,10.8,17.7,14.1,17.7,2.9999999999999996,478.9,51.5,Hampshire,29.1,21.5,,12.693,288730,South East,16.586430228933605,18.6,12.5,19.0,11.9,2.6
E10000014,2020,14.0,10.1,16.6,17.4,2.1,505.3,70.8,Hampshire,32.3,23.9,,12.693,288730,South East,17.50077927475496,14.1,10.8,17.7,17.7,2.9999999999999996
E10000014,2021,16.0,12.2,18.8,17.7,2.8,503.9,80.9,Hampshire,34.5,25.4,13.0,12.693,288730,South East,17.452291067779583,16.6,14.0,17.4,10.1,2.1
E10000014,2022,21.8,13.0,22.1,19.4,2.7,494.0,107.8,Hampshire,35.7,21.8,15.0,12.693,288730,South East,17.10941017559658,18.8,16.0,17.7,12.2,2.8
E10000014,2023,20.6,11.2,21.6,17.7,2.6,538.9,111.0,Hampshire,38.7,24.4,16.0,12.693,288730,South East,18.66449624216396,22.1,21.8,19.4,13.0,2.7
E10000014,2024,16.1,8.2,16.2,17.0,3.2,579.6,93.4,Hampshire,,,13.0,12.693,288730,South East,20.074117687805217,21.6,20.6,17.7,11.2,2.6
E10000014,2025,7.599999999999999,9.1,9.1,16.1,3.1,648.4,49.0,Hampshire,41.0,25.8,15.0,12.693,288730,South East,22.456966716309356,16.2,16.1,17.0,8.2,3.2
E10000015,2017,6.7,6.3,5.2,12.4,2.4,431.7,29.0,Hertfordshire,15.5,17.1,,12.732,277480,East of England,15.557878045264523,,,,,
E10000015,2018,16.3,6.6,6.2,12.800000000000002,3.2000000000000006,436.8,71.1,Hertfordshire,13.6,19.6,,12.732,277480,East of England,15.74167507568113,5.2,6.7,12.4,6.3,2.4
E10000015,2019,12.4,4.4,5.9,13.7,2.7,430.4,53.3,Hertfordshire,14.5,19.4,,12.732,277480,East of England,15.511027821824994,6.2,16.3,12.800000000000002,6.6,3.2000000000000006
E10000015,2020,9.9,4.7,3.0,13.5,2.1,441.8,43.5,Hertfordshire,14.3,17.3,,12.732,277480,East of England,15.921868242756235,5.9,12.4,13.7,4.4,2.7
E10000015,2021,11.6,4.7,4.7,13.4,1.7,490.6,57.1,Hertfordshire,13.5,22.8,9.0,12.732,277480,East of England,17.680553553409254,3.0,9.9,13.5,4.7,2.1
E10000015,2022,18.7,9.700000000000001,3.4,14.2,1.8,485.8,90.6,Hertfordshire,14.0,18.6,9.0,12.732,277480,East of England,17.507568113017154,4.7,11.6,13.4,4.7,1.7
E10000015,2023,12.7,11.3,9.5,13.7,2.6,524.0,66.4,Hertfordshire,15.4,21.1,10.0,12.732,277480,East of England,18.884243909470953,3.4,18.7,14.2,9.700000000000001,1.8
E10000015,2024,9.8,7.6,6.1,12.5,2.8,539.7,53.1,Hertfordshire,16.9,26.0,9.0,12.732,277480,East of England,19.45005045408678,9.5,12.7,13.7,11.3,2.6
E10000015,2025,11.4,7.2,7.4,12.7,2.6,557.0,63.5,Hertfordshire,15.8,23.4,11.0,12.732,277480,East of England,20.073518812166643,6.1,9.8,12.5,7.6,2.8
E10000016,2017,8.8,14.100000000000001,11.9,18.9,1.4,675.6,59.4,Kent,23.0,19.4,,19.538,355390,South East,19.010101578547513,,,,,
E10000016,2018,12.0,10.7,11.4,16.9,2.2,702.0,84.2,Kent,23.1,20.4,,19.538,355390,South East,19.75294746616393,11.9,8.8,18.9,14.100000000000001,1.4
E10000016,2019,9.6,9.1,10.2,16.3,1.1,742.3,71.6,Kent,26.1,19.1,,19.538,355390,South East,20.88691296885112,11.4,12.0,16.9,10.7,2.2
E10000016,2020,9.0,8.3,10.3,16.0,2.3,771.0,69.6,Kent,28.5,22.6,,19.538,355390,South East,21.69447649061594,10.2,9.6,16.3,9.1,1.1
E10000016,2021,14.6,10.0,11.0,16.4,1.9,691.0,101.2,Kent,28.1,22.4,13.0,19.538,355390,South East,19.443428346323756,10.3,9.0,16.0,8.3,2.3
E10000016,2022,15.9,16.5,12.3,18.6,2.4,756.7,120.4,Kent,21.5,19.8,13.0,19.538,355390,South East,21.292101634823716,11.0,14.6,16.4,10.0,1.9
E10000016,2023,19.4,16.0,14.2,18.7,1.2,728.2,141.4,Kent,21.8,23.2,12.0,19.538,355390,South East,20.490165733419623,12.3,15.9,18.6,16.5,2.4
E10000016,2024,11.1,15.1,14.0,15.8,2.7999999999999994,769.2,85.7,Kent,23.3,19.8,11.0,19.538,355390,South East,21.64382790736937,14.2,19.4,18.7,16.0,1.2
E10000016,2025,15.4,14.4,13.2,17.0,2.1,765.3,117.8,Kent,21.6,24.3,12.0,19.538,355390,South East,21.534089310335123,14.0,11.1,15.8,15.1,2.7999999999999994
E10000017,2017,4.9,14.9,11.5,15.5,2.7,473.0,23.0,Lancashire,20.6,18.0,,23.443,261392,North West,18.095427557079024,,,,,
E10000017,2018,13.000000000000002,19.6,10.8,17.7,2.2,445.8,58.1,Lancashire,19.7,22.2,,23.443,261392,North West,17.05484483075228,11.5,4.9,15.5,14.9,2.7
E10000017,2019,9.3,28.6,15.6,16.5,2.4,422.1,39.4,Lancashire,20.4,24.0,,23.443,261392,North West,16.148160617004347,10.8,13.000000000000002,17.7,19.6,2.2
E10000017,2020,13.099999999999998,24.8,11.8,16.0,2.7,498.1,65.5,Lancashire,21.5,25.3,,23.443,261392,North West,19.055671175858482,15.6,9.3,16.5,28.6,2.4
E10000017,2021,8.7,26.2,9.9,16.0,2.6,459.9,39.9,Lancashire,20.7,22.9,8.0,23.443,261392,North West,17.59426455285548,11.8,13.099999999999998,16.0,24.8,2.7
E10000017,2022,13.3,34.4,11.800000000000002,17.1,3.0999999999999996,387.7,51.7,Lancashire,19.1,27.1,9.0,23.443,261392,North West,14.832129521944054,9.9,8.7,16.0,26.2,2.6
E10000017,2023,10.2,19.9,5.2,13.9,3.7,689.0,70.1,Lancashire,14.6,23.6,8.0,23.443,261392,North West,26.35887861908551,11.800000000000002,13.3,17.1,34.4,3.0999999999999996
E10000017,2024,11.0,8.0,3.6,15.8,5.3,702.3,77.0,Lancashire,16.6,26.0,7.0,23.443,261392,North West,26.867692966884984,5.2,10.2,13.9,19.9,3.7
E10000017,2025,9.9,3.0,3.6,14.8,5.6,736.6,72.8,Lancashire,16.3,19.3,7.0,23.443,261392,North West,28.179898390157312,3.6,11.0,15.8,8.0,5.3
E10000018,2017,18.8,19.6,18.7,16.6,4.0,205.8,38.8,Leicestershire,17.0,19.0,,12.33,147439,East Midlands,13.958314964154669,,,,,
E10000018,2018,13.7,14.0,17.5,17.4,5.1,228.1,31.3,Leicestershire,29.9,24.0,,12.33,147439,East Midlands,15.470804875236537,18.7,18.8,16.6,19.6,4.0
E10000018,2019,11.2,8.2,17.2,17.4,3.3,247.6,27.7,Leicestershire,24.6,15.2,,12.33,147439,East Midlands,16.793385739187055,17.5,13.7,17.4,14.0,5.1
E10000018,2020,8.5,11.2,16.7,16.8,2.5,269.7,23.0,Leicestershire,20.8,21.5,,12.33,147439,East Midlands,18.29231071833097,17.2,11.2,17.4,8.2,3.3
E10000018,2021,11.2,11.0,16.4,14.4,4.3,286.3,32.1,Leicestershire,21.2,22.8,5.0,12.33,147439,East Midlands,19.418200069181154,16.7,8.5,16.8,11.2,2.5
E10000018,2022,18.1,18.1,17.5,16.7,2.5,277.4,50.1,Leicestershire,19.6,28.1,6.0,12.33,147439,East Midlands,18.814560597942197,16.4,11.2,14.4,11.0,4.3
E10000018,2023,12.3,14.800000000000002,20.1,13.8,3.4,286.3,35.1,Leicestershire,23.0,23.3,7.0,12.33,147439,East Midlands,19.418200069181154,17.5,18.1,16.7,18.1,2.5
E10000018,2024,10.3,9.4,16.1,13.100000000000001,3.0,313.3,32.1,Leicestershire,23.7,26.9,9.0,12.33,147439,East Midlands,21.249465880804944,20.1,12.3,13.8,14.800000000000002,3.4
E10000018,2025,8.3,6.5,11.6,13.5,4.0,332.6,27.7,Leicestershire,25.5,24.8,10.0,12.33,147439,East Midlands,22.558481812817504,16.1,10.3,13.100000000000001,9.4,3.0
E10000019,2017,13.1,9.0,7.2,16.8,1.6,292.6,38.4,Lincolnshire,16.3,14.9,,20.29,147954,East Midlands,19.77641699447126,,,,,
E10000019,2018,9.7,6.2,4.0,15.3,1.8,319.5,31.0,Lincolnshire,21.6,21.1,,20.29,147954,East Midlands,21.594549657325928,7.2,13.1,16.8,9.0,1.6
E10000019,2019,11.5,4.1,5.0,15.699999999999998,2.1,327.6,37.6,Lincolnshire,21.6,14.6,,20.29,147954,East Midlands,22.142017113427148,4.0,9.7,15.3,6.2,1.8
E10000019,2020,10.4,5.8,5.2,14.9,1.5,322.3,33.5,Lincolnshire,22.7,15.8,,20.29,147954,East Midlands,21.783797666842396,5.0,11.5,15.699999999999998,4.1,2.1
E10000019,2021,17.0,9.0,10.2,16.8,3.2,303.9,51.7,Lincolnshire,21.1,16.5,12.0,20.29,147954,East Midlands,20.54016789001987,5.2,10.4,14.9,5.8,1.5
E10000019,2022,16.4,15.6,13.5,16.4,3.4,282.2,46.2,Lincolnshire,21.3,20.4,11.0,20.29,147954,East Midlands,19.073495816267215,10.2,17.0,16.8,9.0,3.2
E10000019,2023,11.4,13.2,11.8,17.3,2.1,301.7,34.4,Lincolnshire,21.6,18.6,11.0,20.29,147954,East Midlands,20.391473025399787,13.5,16.4,16.4,15.6,3.4
E10000019,2024,8.2,9.5,13.399999999999999,15.000000000000002,2.1,323.4,26.4,Lincolnshire,22.9,17.5,11.0,20.29,147954,East Midlands,21.858145099152438,11.8,11.4,17.3,13.2,2.1
E10000019,2025,5.7,5.7,5.799999999999999,16.5,2.6,361.7,20.6,Lincolnshire,22.9,23.0,11.0,20.29,147954,East Midlands,24.44678751503846,13.399999999999999,8.2,15.000000000000002,9.5,2.1
E10000020,2017,8.9,20.0,17.6,18.7,2.8,360.6,32.2,Norfolk,24.6,22.5,,21.183,171830,East of England,20.985858115579354,,,,,
E10000020,2018,15.199999999999998,27.999999999999996,19.0,19.0,2.9,320.3,48.7,Norfolk,20.0,20.3,,21.183,171830,East of England,18.640516789850434,17.6,8.9,18.7,20.0,2.8
E10000020,2019,15.5,40.3,27.4,18.4,3.2,307.0,47.6,Norfolk,22.1,24.8,,21.183,171830,East of England,17.866495955304664,19.0,15.199999999999998,19.0,27.999999999999996,2.9
E10000020,2020,7.2,12.3,13.9,16.9,3.0,441.2,31.9,Norfolk,18.6,20.8,,21.183,171830,East of England,25.67654076703719,27.4,15.5,18.4,40.3,3.2
E10000020,2021,10.1,8.1,7.300000000000001,16.4,2.5,444.1,44.7,Norfolk,18.3,26.1,9.0,21.183,171830,East of England,25.84531222720131,13.9,7.2,16.9,12.3,3.0
E10000020,2022,12.6,7.5,7.5,17.2,2.6,429.9,54.0,Norfolk,15.5,24.6,11.0,21.183,171830,East of England,25.018914042949426,7.300000000000001,10.1,16.4,8.1,2.5
E10000020,2023,15.900000000000002,5.999999999999999,7.7,17.6,2.5999999999999996,441.4,70.1,Norfolk,16.1,24.5,9.0,21.183,171830,East of England,25.688180178082987,7.5,12.6,17.2,7.5,2.6
E10000020,2024,12.4,0.4,3.8,15.9,3.5,449.1,55.6,Norfolk,19.0,22.4,9.0,21.183,171830,East of England,26.13629750334633,7.7,15.900000000000002,17.6,5.999999999999999,2.5999999999999996
E10000020,2025,11.3,1.1,1.3,14.8,3.2,468.1,52.9,Norfolk,17.9,18.8,11.0,21.183,171830,East of England,27.242041552697433,3.8,12.4,15.9,0.4,3.5
E10000024,2017,10.2,4.8,12.0,19.6,2.9,417.5,42.5,Nottinghamshire,25.5,24.9,,18.999,171572,East Midlands,24.333807381157765,,,,,
E10000024,2018,11.300000000000002,6.4,14.0,17.6,5.0,430.4,48.7,Nottinghamshire,22.8,21.6,,18.999,171572,East Midlands,25.085678315809105,12.0,10.2,19.6,4.8,2.9
E10000024,2019,16.2,6.000000000000001,14.3,16.8,3.7,435.6,70.7,Nottinghamshire,28.0,23.8,,18.999,171572,East Midlands,25.38875807241275,14.0,11.300000000000002,17.6,6.4,5.0
E10000024,2020,9.5,3.2,12.5,15.6,4.2,466.5,44.3,Nottinghamshire,29.3,24.6,,18.999,171572,East Midlands,27.189751241461313,14.3,16.2,16.8,6.000000000000001,3.7
E10000024,2021,12.8,3.5,14.2,14.6,4.0,471.4,60.2,Nottinghamshire,28.1,23.8,4.0,18.999,171572,East Midlands,27.475345627491667,12.5,9.5,15.6,3.2,4.2
E10000024,2022,14.2,12.000000000000002,12.5,15.1,5.4,456.6,65.0,Nottinghamshire,28.1,30.6,3.0,18.999,171572,East Midlands,26.61273401254284,14.2,12.8,14.6,3.5,4.0
E10000024,2023,12.4,12.8,17.8,15.9,5.3,420.1,51.9,Nottinghamshire,24.8,26.2,6.0,18.999,171572,East Midlands,24.485347259459587,12.5,14.2,15.1,12.000000000000002,5.4
E10000024,2024,6.7,15.4,16.5,13.4,5.6,415.7,27.9,Nottinghamshire,25.8,24.9,6.0,18.999,171572,East Midlands,24.228895157718043,17.8,12.4,15.9,12.8,5.3
E10000024,2025,9.8,10.1,7.8,13.3,5.3,457.6,45.0,Nottinghamshire,23.1,27.9,5.0,18.999,171572,East Midlands,26.671018581120464,16.5,6.7,13.4,15.4,5.6
E10000025,2017,7.3999999999999995,13.2,10.7,19.1,1.7,315.7,23.4,Oxfordshire,19.9,18.4,,11.656,156647,South East,20.153593749002532,,,,,
E10000025,2018,10.7,11.2,7.900000000000001,16.8,2.3,363.4,38.9,Oxfordshire,18.6,23.4,,11.656,156647,South East,23.198656852668737,10.7,7.3999999999999995,19.1,13.2,1.7
E10000025,2019,12.599999999999998,13.400000000000002,10.7,16.7,3.0,376.0,47.4,Oxfordshire,18.3,21.9,,11.656,156647,South East,24.00301314420321,7.900000000000001,10.7,16.8,11.2,2.3
E10000025,2020,14.500000000000002,11.6,11.4,16.8,2.6,382.6,55.6,Oxfordshire,17.7,24.8,,11.656,156647,South East,24.424342630245075,10.7,12.599999999999998,16.7,13.400000000000002,3.0
E10000025,2021,15.300000000000002,12.000000000000002,13.8,14.500000000000002,3.1000000000000005,394.6,60.4,Oxfordshire,27.6,21.3,9.0,11.656,156647,South East,25.19039624123028,11.4,14.500000000000002,16.8,11.6,2.6
E10000025,2022,13.1,9.0,10.4,13.8,3.3,403.0,52.7,Oxfordshire,18.2,30.3,11.0,11.656,156647,South East,25.726633768919925,13.8,15.300000000000002,14.500000000000002,12.000000000000002,3.1000000000000005
E10000025,2023,17.4,14.3,14.3,14.1,3.7,388.6,67.6,Oxfordshire,21.1,26.6,13.0,11.656,156647,South East,24.80736943573768,10.4,13.1,13.8,9.0,3.3
E10000025,2024,21.4,18.0,16.9,14.700000000000001,3.9000000000000004,363.2,77.8,Oxfordshire,18.6,27.6,13.0,11.656,156647,South East,23.18588929248565,14.3,17.4,14.1,14.3,3.7
E10000025,2025,14.8,19.8,20.3,14.1,3.3,376.3,55.8,Oxfordshire,17.7,29.8,16.0,11.656,156647,South East,24.02216448447784,16.9,21.4,14.700000000000001,18.0,3.9000000000000004
E10000028,2017,15.0,18.9,4.9,26.4,5.7,346.7,52.2,Staffordshire,20.3,16.4,,16.567,174804,West Midlands,19.83364225074941,,,,,
E10000028,2018,14.1,15.000000000000002,8.8,19.0,4.8,350.9,49.3,Staffordshire,19.6,19.8,,16.567,174804,West Midlands,20.07391135214297,4.9,15.0,26.4,18.9,5.7
E10000028,2019,8.7,11.599999999999998,11.5,18.2,4.4,366.0,31.8,Staffordshire,19.2,20.3,,16.567,174804,West Midlands,20.937735978581724,8.8,14.1,19.0,15.000000000000002,4.8
E10000028,2020,11.5,11.2,12.1,18.1,4.2,366.2,42.1,Staffordshire,18.7,19.4,,16.567,174804,West Midlands,20.94917736436237,11.5,8.7,18.2,11.599999999999998,4.4
E10000028,2021,11.8,16.7,12.2,16.8,4.8,388.1,45.9,Staffordshire,17.4,20.7,9.0,16.567,174804,West Midlands,22.20200910734308,12.1,11.5,18.1,11.2,4.2
E10000028,2022,12.7,18.4,14.3,17.9,5.4,368.6,46.8,Staffordshire,15.4,17.9,9.0,16.567,174804,West Midlands,21.08647399373012,12.2,11.8,16.8,16.7,4.8
E10000028,2023,13.0,16.0,13.8,17.4,4.9,394.9,51.1,Staffordshire,13.2,19.2,9.0,16.567,174804,West Midlands,22.591016223885035,14.3,12.7,17.9,18.4,5.4
E10000028,2024,5.2,17.5,7.6,17.4,4.9,438.2,22.6,Staffordshire,14.1,22.6,9.0,16.567,174804,West Midlands,25.068076245394842,13.8,13.0,17.4,16.0,4.9
E10000028,2025,8.4,19.9,8.8,18.4,5.0,439.2,36.7,Staffordshire,14.2,28.0,10.0,16.567,174804,West Midlands,25.125283174298072,7.6,5.2,17.4,17.5,4.9
E10000029,2017,10.2,21.9,8.5,16.4,3.5999999999999996,313.6,32.0,Suffolk,22.1,17.3,,18.46,152255,East of England,20.59702472825195,,,,,
E10000029,2018,12.4,3.9,5.0,,2.1,322.7,40.0,Suffolk,23.3,20.1,,18.46,152255,East of England,21.194706249384257,8.5,10.2,16.4,21.9,3.5999999999999996
E10000029,2019,13.3,9.3,6.4,16.7,2.8,307.8,41.0,Suffolk,22.5,21.6,,18.46,152255,East of England,20.216084857640144,5.0,12.4,,3.9,2.1
E10000029,2020,9.5,5.5,5.0,15.000000000000002,2.0,325.9,31.0,Suffolk,19.5,19.8,,18.46,152255,East of England,21.40487997110111,6.4,13.3,16.7,9.3,2.8
E10000029,2021,6.299999999999999,5.4,3.6,15.5,1.9,378.4,23.8,Suffolk,21.5,15.6,7.0,18.46,152255,East of England,24.85304259301829,5.0,9.5,15.000000000000002,5.5,2.0
E10000029,2022,10.3,8.4,6.2,18.6,2.4,330.3,33.9,Suffolk,19.9,17.9,8.0,18.46,152255,East of England,21.693868838461793,3.6,6.299999999999999,15.5,5.4,1.9
E10000029,2023,11.5,8.8,5.8,15.600000000000001,2.8,390.8,44.9,Suffolk,20.6,18.5,14.0,18.46,152255,East of England,25.66746576467111,6.2,10.3,18.6,8.4,2.4
E10000029,2024,8.9,2.5,3.7,14.100000000000001,2.6,409.6,36.4,Suffolk,19.1,13.4,12.0,18.46,152255,East of England,26.902236379757646,5.8,11.5,15.600000000000001,8.8,2.8
E10000029,2025,9.5,9.1,5.599999999999999,16.3,3.5,405.9,38.5,Suffolk,20.1,24.5,9.0,18.46,152255,East of England,26.65922301402253,3.7,8.9,14.100000000000001,2.5,2.6
E10000030,2017,10.7,12.2,15.5,17.6,3.1,507.7,54.4,Surrey,24.8,22.4,,10.087,269339,South East,18.84985093135417,,,,,
E10000030,2018,19.2,21.900000000000002,22.2,17.4,2.9,470.8,90.3,Surrey,27.3,24.4,,10.087,269339,South East,17.479830251096203,15.5,10.7,17.6,12.2,3.1
E10000030,2019,29.4,18.8,27.2,14.1,3.1,439.7,129.3,Surrey,25.5,21.9,,10.087,269339,South East,16.325151574781223,22.2,19.2,17.4,21.900000000000002,2.9
E10000030,2020,13.5,28.0,30.3,14.9,2.9,460.9,62.2,Surrey,21.5,26.4,,10.087,269339,South East,17.112263727124553,27.2,29.4,14.1,18.8,3.1
E10000030,2021,15.0,28.8,23.1,15.9,2.5,455.6,68.4,Surrey,22.6,25.9,9.0,10.087,269339,South East,16.91548568903872,30.3,13.5,14.9,28.0,2.9
E10000030,2022,22.3,30.0,26.1,15.9,2.7,465.0,103.9,Surrey,20.2,23.2,9.0,10.087,269339,South East,17.264488247153217,23.1,15.0,15.9,28.8,2.5
E10000030,2023,13.8,35.2,29.3,14.9,2.6,474.5,65.6,Surrey,17.3,25.9,9.0,10.087,269339,South East,17.617203598439144,26.1,22.3,15.9,30.0,2.7
E10000030,2024,16.6,36.8,27.6,15.1,1.9,444.1,73.7,Surrey,16.3,29.3,12.0,10.087,269339,South East,16.48851447432418,29.3,13.8,14.9,35.2,2.6
E10000030,2025,9.9,30.7,20.6,15.1,1.5,509.8,50.5,Surrey,20.5,24.3,8.0,10.087,269339,South East,18.927819587954215,27.6,16.6,15.1,36.8,1.9
E10000031,2017,11.3,4.0,6.0,18.3,3.8,333.6,37.5,Warwickshire,32.8,20.8,,15.64,129392,West Midlands,25.782119450970697,,,,,
E10000031,2018,16.6,3.5,2.7,18.6,2.6,356.6,59.3,Warwickshire,38.6,18.7,,15.64,129392,West Midlands,27.559663657722272,6.0,11.3,18.3,4.0,3.8
E10000031,2019,26.5,12.7,2.5,17.1,3.1,344.5,91.3,Warwickshire,27.7,18.6,,15.64,129392,West Midlands,26.624520835909486,2.7,16.6,18.6,3.5,2.6
E10000031,2020,7.5,6.1000000000000005,3.4,17.0,3.5000000000000004,368.2,27.7,Warwickshire,19.2,23.8,,15.64,129392,West Midlands,28.45616421417089,2.5,26.5,17.1,12.7,3.1
E10000031,2021,38.9,9.2,8.1,15.7,2.7,422.5,164.2,Warwickshire,21.0,27.5,16.0,15.64,129392,West Midlands,32.652714232719184,3.4,7.5,17.0,6.1000000000000005,3.5000000000000004
E10000031,2022,14.500000000000002,6.4,9.6,16.5,2.7,400.6,58.2,Warwickshire,20.5,18.3,14.0,15.64,129392,West Midlands,30.960183009768766,8.1,38.9,15.7,9.2,2.7
E10000031,2023,20.0,10.4,12.9,16.1,3.2999999999999994,396.5,79.3,Warwickshire,20.4,17.1,15.0,15.64,129392,West Midlands,30.643316433782612,9.6,14.500000000000002,16.5,6.4,2.7
E10000031,2024,10.800000000000002,2.4,4.2,16.5,3.2,456.3,49.2,Warwickshire,18.4,20.1,14.0,15.64,129392,West Midlands,35.264931371336715,12.9,20.0,16.1,10.4,3.2999999999999994
E10000031,2025,15.5,4.7,0.0,14.8,4.6,445.8,69.2,Warwickshire,17.0,23.0,16.0,15.64,129392,West Midlands,34.45344379868926,4.2,10.800000000000002,16.5,2.4,3.2
E10000032,2017,13.8,14.2,13.100000000000001,16.0,2.9,403.4,55.6,West Sussex,25.4,22.7,,14.429,181943,South East,22.171779073665927,,,,,
E10000032,2018,16.3,9.3,11.7,16.7,2.5,433.4,70.8,West Sussex,26.8,24.4,,14.429,181943,South East,23.820647125748174,13.100000000000001,13.8,16.0,14.2,2.9
E10000032,2019,10.0,10.2,13.3,16.8,2.4,494.5,49.5,West Sussex,25.8,22.5,,14.429,181943,South East,27.17884172515568,11.7,16.3,16.7,9.3,2.5
E10000032,2020,9.7,10.0,15.9,15.0,1.4,503.1,48.6,West Sussex,26.6,26.5,,14.429,181943,South East,27.65151723341926,13.3,10.0,16.8,10.2,2.4
E10000032,2021,14.7,9.5,12.9,16.2,3.7,480.0,70.3,West Sussex,26.7,26.3,14.0,14.429,181943,South East,26.38188883331593,15.9,9.7,15.0,10.0,1.4
E10000032,2022,16.1,16.3,15.4,16.3,6.000000000000001,458.1,74.0,West Sussex,25.6,26.4,11.0,14.429,181943,South East,25.17821515529589,12.9,14.7,16.2,9.5,3.7
E10000032,2023,15.5,4.9,4.9,15.9,5.5,476.0,73.6,West Sussex,23.0,23.9,13.0,14.429,181943,South East,26.162039759704964,15.4,16.1,16.3,16.3,6.000000000000001
E10000032,2024,9.3,5.2,5.2,14.5,4.2,489.4,45.4,West Sussex,17.0,25.8,11.0,14.429,181943,South East,26.8985341563017,4.9,15.5,15.9,4.9,5.5
E10000032,2025,9.5,2.1,2.1,15.3,4.5,504.0,47.8,West Sussex,24.4,29.2,11.0,14.429,181943,South East,27.700983274981727,5.2,9.3,14.5,5.2,4.2
E10000034,2017,22.3,24.6,23.0,19.5,2.9,208.5,46.6,Worcestershire,20.5,19.9,,18.089,120119,West Midlands,17.35778686136248,,,,,
E10000034,2018,13.8,23.1,22.8,16.9,2.8,230.5,31.8,Worcestershire,24.2,25.8,,18.089,120119,West Midlands,19.189303940259244,23.0,22.3,19.5,24.6,2.9
E10000034,2019,13.9,16.3,12.5,18.1,2.3,256.8,35.7,Worcestershire,16.4,28.1,,18.089,120119,West Midlands,21.378799357304008,22.8,13.8,16.9,23.1,2.8
E10000034,2020,18.0,16.8,14.6,18.4,3.4,251.8,45.3,Worcestershire,24.2,25.4,,18.089,120119,West Midlands,20.96254547573656,12.5,13.9,18.1,16.3,2.3
E10000034,2021,16.6,16.8,13.8,16.4,3.2,262.5,43.7,Worcestershire,22.1,24.7,8.0,18.089,120119,West Midlands,21.853328782290895,14.6,18.0,18.4,16.8,3.4
E10000034,2022,14.0,18.0,9.4,17.3,2.5,273.8,38.3,Worcestershire,21.2,29.2,8.0,18.089,120119,West Midlands,22.79406255463332,13.8,16.6,16.4,16.8,3.2
E10000034,2023,15.2,15.3,10.9,16.4,3.0,270.7,41.2,Worcestershire,19.5,29.8,10.0,18.089,120119,West Midlands,22.535985148061503,9.4,14.0,17.3,18.0,2.5
E10000034,2024,12.9,14.2,13.0,15.5,2.5,277.5,35.9,Worcestershire,20.9,26.8,9.0,18.089,120119,West Midlands,23.102090426993232,10.9,15.2,16.4,15.3,3.0
E10000034,2025,12.3,12.4,11.1,14.599999999999998,2.7,281.5,34.6,Worcestershire,17.8,31.4,9.0,18.089,120119,West Midlands,23.435093532247187,13.0,12.9,15.5,14.2,2.5
